// ZEHRA KINIK - GNU Unifont 16x16 glif alt kumesi (tools/gen_cjk_font.py ile uretilir; OFL 1.1). Renderer.cpp icinde.
const CjkGlyph kCjkGlyphs[] = {
    {0x3042, {0x0000,0x0400,0x0200,0x02C0,0x1F00,0x0480,0x0480,0x07E0,0x0D10,0x1508,0x2208,0x2608,0x2A10,0x1060,0x0000,0x0000}},
    {0x3044, {0x0000,0x0000,0x0000,0x0000,0x4000,0x2060,0x2010,0x2008,0x2208,0x2418,0x1408,0x1800,0x0800,0x0000,0x0000,0x0000}},
    {0x3046, {0x0000,0x0200,0x01C0,0x0000,0x0000,0x03C0,0x1C20,0x0020,0x0020,0x0020,0x0020,0x0040,0x0040,0x0080,0x0100,0x0000}},
    {0x3048, {0x0000,0x0400,0x0380,0x0000,0x0000,0x11C0,0x0E80,0x0100,0x0200,0x0400,0x0E00,0x1100,0x2100,0x20F8,0x0000,0x0000}},
    {0x304A, {0x0000,0x0000,0x0800,0x0430,0x0508,0x060C,0x1C00,0x0460,0x0590,0x0608,0x0C08,0x3488,0x0C70,0x0400,0x0000,0x0000}},
    {0x304B, {0x0000,0x0000,0x0800,0x0400,0x0460,0x4710,0x3C88,0x0898,0x0880,0x0880,0x1080,0x1100,0x2500,0x2200,0x0000,0x0000}},
    {0x304C, {0x0000,0x0008,0x0824,0x0410,0x0440,0x4720,0x3C90,0x0888,0x0898,0x0880,0x1080,0x1100,0x2500,0x2200,0x0000,0x0000}},
    {0x304D, {0x0000,0x0200,0x0100,0x0160,0x0F80,0x0080,0x00F0,0x1F40,0x0020,0x0020,0x07F0,0x0810,0x0800,0x0600,0x01C0,0x0000}},
    {0x304F, {0x0000,0x0080,0x0040,0x0040,0x0080,0x0100,0x0600,0x0800,0x0800,0x0400,0x0200,0x0100,0x0080,0x0040,0x0040,0x0000}},
    {0x3050, {0x0000,0x0080,0x0040,0x0040,0x0088,0x0124,0x0610,0x0800,0x0800,0x0400,0x0200,0x0100,0x0080,0x0040,0x0040,0x0000}},
    {0x3051, {0x0000,0x0080,0x2040,0x1020,0x1020,0x103C,0x23E0,0x2020,0x2020,0x2020,0x2020,0x1820,0x1040,0x1040,0x0080,0x0000}},
    {0x3052, {0x0000,0x0108,0x40A4,0x2050,0x2040,0x2078,0x47C0,0x4040,0x4040,0x4040,0x4040,0x3040,0x2080,0x2080,0x0100,0x0000}},
    {0x3053, {0x0000,0x0000,0x0800,0x07E0,0x0080,0x0100,0x0000,0x0000,0x0000,0x0000,0x2000,0x2000,0x1010,0x0FE0,0x0000,0x0000}},
    {0x3055, {0x0000,0x0400,0x0200,0x0130,0x21C0,0x1E80,0x0040,0x0040,0x07E0,0x0820,0x1000,0x1000,0x0C00,0x03C0,0x0000,0x0000}},
    {0x3057, {0x0000,0x0000,0x1000,0x0800,0x0800,0x0800,0x0800,0x0800,0x0800,0x0800,0x0808,0x0810,0x0460,0x0380,0x0000,0x0000}},
    {0x3059, {0x0000,0x0100,0x0080,0x40F8,0x3F80,0x0080,0x0380,0x04C0,0x0440,0x03C0,0x0040,0x0080,0x0080,0x0100,0x0200,0x0000}},
    {0x305A, {0x0000,0x0128,0x0094,0x40F8,0x3F80,0x0080,0x0380,0x04C0,0x0440,0x03C0,0x0040,0x0080,0x0080,0x0100,0x0200,0x0000}},
    {0x305D, {0x0000,0x0000,0x09C0,0x0640,0x0080,0x0100,0x0238,0x07C0,0x3880,0x0100,0x0200,0x0200,0x0200,0x0100,0x00E0,0x0000}},
    {0x305F, {0x0000,0x0000,0x0800,0x0480,0x0700,0x3C00,0x08F0,0x0818,0x0820,0x1000,0x1000,0x1100,0x2100,0x20F8,0x0000,0x0000}},
    {0x3060, {0x0000,0x0008,0x0824,0x0490,0x0700,0x3C00,0x08F0,0x0818,0x0820,0x1000,0x1000,0x1100,0x2100,0x20F8,0x0000,0x0000}},
    {0x3061, {0x0000,0x0800,0x0400,0x04C0,0x4700,0x3C00,0x0800,0x08C0,0x0B20,0x1C10,0x1010,0x0010,0x0020,0x00C0,0x0700,0x0000}},
    {0x3063, {0x0000,0x0000,0x0000,0x0000,0x0000,0x0000,0x0000,0x01C0,0x0620,0x3810,0x0010,0x0010,0x0020,0x00C0,0x0700,0x0000}},
    {0x3064, {0x0000,0x0000,0x0000,0x0000,0x03E0,0x4C10,0x3008,0x0008,0x0008,0x0008,0x0010,0x0060,0x0380,0x0000,0x0000,0x0000}},
    {0x3066, {0x0000,0x0000,0x0038,0x43C0,0x3C80,0x0100,0x0100,0x0200,0x0200,0x0200,0x0200,0x0200,0x0100,0x00E0,0x0000,0x0000}},
    {0x3067, {0x0000,0x0000,0x0038,0x43C0,0x3C88,0x0124,0x0110,0x0200,0x0200,0x0200,0x0200,0x0200,0x0100,0x00E0,0x0000,0x0000}},
    {0x3068, {0x0000,0x0000,0x0400,0x0200,0x0200,0x0200,0x0270,0x0380,0x0600,0x0800,0x1000,0x1000,0x0800,0x07F0,0x0000,0x0000}},
    {0x306A, {0x0000,0x0400,0x0200,0x0280,0x3F00,0x0470,0x0818,0x0820,0x1040,0x1040,0x2040,0x03C0,0x0460,0x0450,0x0380,0x0000}},
    {0x306B, {0x0000,0x0000,0x2000,0x1000,0x10F0,0x1318,0x2020,0x2000,0x2000,0x2000,0x2200,0x2A00,0x11F8,0x1000,0x1000,0x0000}},
    {0x306E, {0x0000,0x0000,0x0000,0x03C0,0x0D20,0x1110,0x1108,0x2208,0x2208,0x2408,0x2410,0x2810,0x1060,0x0180,0x0000,0x0000}},
    {0x306F, {0x0000,0x0040,0x2020,0x1020,0x1438,0x13E0,0x2020,0x2020,0x2020,0x2020,0x29E0,0x1230,0x1228,0x11C0,0x0000,0x0000}},
    {0x3070, {0x0000,0x0088,0x4044,0x2050,0x2878,0x27C0,0x4040,0x4040,0x4040,0x4040,0x53C0,0x2460,0x2450,0x2380,0x0000,0x0000}},
    {0x3078, {0x0000,0x0000,0x0000,0x0000,0x0000,0x0600,0x0900,0x1080,0x2040,0x0030,0x000C,0x0000,0x0000,0x0000,0x0000,0x0000}},
    {0x307E, {0x0000,0x0100,0x0080,0x10F0,0x0F80,0x0080,0x10E0,0x0F80,0x0080,0x0080,0x0F80,0x10E0,0x1090,0x0F00,0x0000,0x0000}},
    {0x307F, {0x0000,0x0000,0x0880,0x0780,0x0100,0x0100,0x0220,0x0210,0x0FF0,0x3418,0x4424,0x4820,0x3040,0x0080,0x0000,0x0000}},
    {0x3081, {0x0000,0x0000,0x0100,0x0080,0x1080,0x13C0,0x1CA0,0x1110,0x2908,0x2A08,0x4608,0x4408,0x4A10,0x3060,0x0000,0x0000}},
    {0x3082, {0x0000,0x0200,0x0100,0x1100,0x0E00,0x0380,0x1200,0x2420,0x1C20,0x0710,0x0410,0x0410,0x0410,0x0220,0x01C0,0x0000}},
    {0x3088, {0x0000,0x0200,0x0100,0x0100,0x0130,0x01C0,0x0100,0x0100,0x0100,0x0100,0x1F80,0x2160,0x2110,0x1E00,0x0000,0x0000}},
    {0x3089, {0x0000,0x0200,0x0100,0x01C0,0x0600,0x0800,0x0800,0x0800,0x09E0,0x0E10,0x0810,0x0810,0x0020,0x00C0,0x0300,0x0000}},
    {0x308A, {0x0000,0x1000,0x0980,0x0A40,0x0C20,0x0C20,0x0820,0x0820,0x0820,0x0820,0x0040,0x0040,0x0080,0x0100,0x0200,0x0000}},
    {0x308B, {0x0000,0x0000,0x08C0,0x0740,0x0080,0x0100,0x0200,0x07C0,0x0C20,0x1010,0x2010,0x0390,0x0460,0x0440,0x0380,0x0000}},
    {0x308C, {0x0000,0x0000,0x1000,0x0800,0x09C0,0x0A20,0x1C20,0x6C20,0x0820,0x1820,0x1820,0x2820,0x4824,0x1818,0x0800,0x0000}},
    {0x308D, {0x0000,0x0000,0x1180,0x0E80,0x0100,0x0200,0x0400,0x0FC0,0x0820,0x1010,0x2010,0x0010,0x0020,0x00C0,0x0700,0x0000}},
    {0x308F, {0x0000,0x1000,0x0800,0x0800,0x0800,0x4CE0,0x3F10,0x0C08,0x0808,0x1808,0x1808,0x2810,0x4820,0x18C0,0x0800,0x0000}},
    {0x30A1, {0x0000,0x0000,0x0000,0x0000,0x0000,0x0000,0x0000,0x21E0,0x1E20,0x0240,0x0180,0x0100,0x0100,0x0200,0x0400,0x0000}},
    {0x30A2, {0x0000,0x0000,0x0000,0x21F0,0x1E10,0x0020,0x0240,0x0180,0x0100,0x0100,0x0100,0x0200,0x0200,0x0400,0x0800,0x0000}},
    {0x30A3, {0x0000,0x0000,0x0000,0x0000,0x0000,0x0020,0x0040,0x0080,0x0380,0x1C80,0x0080,0x0080,0x0080,0x0080,0x0080,0x0000}},
    {0x30A4, {0x0000,0x0000,0x0020,0x0020,0x0040,0x0080,0x0300,0x0D00,0x3080,0x0080,0x0080,0x0080,0x0080,0x0080,0x0080,0x0000}},
    {0x30A6, {0x0000,0x0000,0x0200,0x0100,0x0100,0x01F0,0x3E10,0x1010,0x1020,0x0820,0x0840,0x0040,0x0080,0x0100,0x0200,0x0000}},
    {0x30A7, {0x0000,0x0000,0x0000,0x0000,0x0000,0x0000,0x0000,0x00E0,0x0F00,0x0100,0x0100,0x0100,0x01E0,0x1E10,0x0000,0x0000}},
    {0x30A8, {0x0000,0x0000,0x0000,0x0000,0x0070,0x1F80,0x0200,0x0100,0x0100,0x0100,0x0100,0x03F0,0x3C08,0x0000,0x0000,0x0000}},
    {0x30A9, {0x0000,0x0000,0x0000,0x0000,0x0000,0x0100,0x0080,0x10E0,0x0F80,0x0180,0x0280,0x0480,0x0880,0x1180,0x0080,0x0000}},
    {0x30AA, {0x0000,0x0000,0x0080,0x0040,0x0040,0x2078,0x1FC0,0x00C0,0x0140,0x0240,0x0440,0x0840,0x1040,0x00C0,0x0040,0x0000}},
    {0x30AB, {0x0000,0x0000,0x0200,0x0100,0x0100,0x21F0,0x1F10,0x0210,0x0210,0x0420,0x0420,0x0820,0x1140,0x20C0,0x0080,0x0000}},
    {0x30AC, {0x0000,0x0008,0x0224,0x0114,0x0110,0x21F0,0x1F10,0x0210,0x0210,0x0420,0x0420,0x0820,0x1140,0x20C0,0x0080,0x0000}},
    {0x30AD, {0x0000,0x0000,0x0400,0x0200,0x0270,0x0380,0x1D00,0x0100,0x0178,0x0380,0x3C80,0x0080,0x0040,0x0040,0x0040,0x0000}},
    {0x30AE, {0x0000,0x0008,0x0424,0x0214,0x0270,0x0380,0x1D00,0x0100,0x0178,0x0380,0x3C80,0x0080,0x0040,0x0040,0x0040,0x0000}},
    {0x30AF, {0x0000,0x0000,0x0400,0x0270,0x0390,0x0220,0x0420,0x0440,0x0840,0x1080,0x0080,0x0100,0x0200,0x0400,0x0800,0x0000}},
    {0x30B0, {0x0000,0x0008,0x0824,0x04D4,0x0750,0x0440,0x0840,0x0880,0x1080,0x2100,0x0100,0x0200,0x0400,0x0800,0x1000,0x0000}},
    {0x30B1, {0x0000,0x0000,0x0800,0x0400,0x0400,0x0438,0x0FC0,0x0900,0x1080,0x2080,0x0080,0x0100,0x0100,0x0200,0x0400,0x0000}},
    {0x30B2, {0x0000,0x0008,0x0824,0x0414,0x0410,0x0438,0x0FC0,0x0900,0x1080,0x2080,0x0080,0x0100,0x0100,0x0200,0x0400,0x0000}},
    {0x30B3, {0x0000,0x0000,0x0000,0x0000,0x21F0,0x1E10,0x0010,0x0010,0x0010,0x0020,0x0020,0x03E0,0x1C20,0x0000,0x0000,0x0000}},
    {0x30B4, {0x0000,0x0008,0x0024,0x0014,0x43D0,0x3C40,0x0040,0x0040,0x0040,0x0080,0x0080,0x0780,0x3880,0x0000,0x0000,0x0000}},
    {0x30B5, {0x0000,0x0000,0x0080,0x0840,0x0440,0x0440,0x24F8,0x1F40,0x0440,0x0440,0x0440,0x0080,0x0080,0x0100,0x0200,0x0000}},
    {0x30B6, {0x0000,0x0008,0x00A4,0x0854,0x0450,0x0440,0x24F8,0x1F40,0x0440,0x0440,0x0440,0x0080,0x0080,0x0100,0x0200,0x0000}},
    {0x30B7, {0x0000,0x0000,0x0000,0x0C00,0x0200,0x0000,0x1800,0x0408,0x0010,0x0020,0x0040,0x0080,0x1300,0x0C00,0x0000,0x0000}},
    {0x30B8, {0x0000,0x0000,0x0008,0x0C24,0x0214,0x0010,0x1800,0x0408,0x0010,0x0020,0x0040,0x0080,0x1300,0x0C00,0x0000,0x0000}},
    {0x30B9, {0x0000,0x0000,0x0000,0x10E0,0x0F20,0x0040,0x0040,0x0080,0x0080,0x0140,0x0220,0x0C10,0x3010,0x0000,0x0000,0x0000}},
    {0x30BA, {0x0000,0x0008,0x0024,0x21D4,0x1E50,0x0080,0x0080,0x0100,0x0100,0x0280,0x0440,0x1820,0x6020,0x0000,0x0000,0x0000}},
    {0x30BB, {0x0000,0x0000,0x0800,0x0400,0x0400,0x0478,0x0588,0x2610,0x1C20,0x0440,0x0400,0x0400,0x0200,0x01F0,0x0000,0x0000}},
    {0x30BD, {0x0000,0x0000,0x0020,0x1010,0x0810,0x0410,0x0420,0x0420,0x0040,0x0040,0x0080,0x0080,0x0100,0x0200,0x0400,0x0000}},
    {0x30BF, {0x0000,0x0000,0x0200,0x0100,0x01F0,0x0210,0x0220,0x0520,0x08C0,0x1040,0x0080,0x0100,0x0200,0x0C00,0x3000,0x0000}},
    {0x30C0, {0x0000,0x0008,0x0424,0x0214,0x03F0,0x0420,0x0420,0x0A40,0x1140,0x2080,0x0100,0x0200,0x0400,0x1800,0x6000,0x0000}},
    {0x30C1, {0x0000,0x0000,0x0040,0x0180,0x1E00,0x0100,0x00F8,0x2380,0x1C80,0x0080,0x0080,0x0100,0x0100,0x0200,0x0400,0x0000}},
    {0x30C3, {0x0000,0x0000,0x0000,0x0000,0x0000,0x0000,0x0000,0x0440,0x1220,0x0A20,0x0840,0x0040,0x0080,0x0100,0x0200,0x0000}},
    {0x30C4, {0x0000,0x0000,0x0000,0x0410,0x2208,0x1108,0x0910,0x0810,0x0020,0x0020,0x0040,0x0080,0x0100,0x0200,0x0000,0x0000}},
    {0x30C6, {0x0000,0x0000,0x0000,0x11E0,0x0E00,0x0000,0x0078,0x2380,0x1C80,0x0080,0x0100,0x0100,0x0200,0x0400,0x0800,0x0000}},
    {0x30C7, {0x0000,0x0008,0x0024,0x11D4,0x0E10,0x0000,0x20F0,0x1F00,0x0080,0x0080,0x0100,0x0100,0x0200,0x0400,0x0800,0x0000}},
    {0x30C8, {0x0000,0x0000,0x0800,0x0400,0x0400,0x0400,0x0400,0x0700,0x04C0,0x0420,0x0400,0x0400,0x0400,0x0400,0x0400,0x0000}},
    {0x30C9, {0x0000,0x0020,0x1090,0x0850,0x0840,0x0800,0x0800,0x0E00,0x0980,0x0840,0x0800,0x0800,0x0800,0x0800,0x0800,0x0000}},
    {0x30CA, {0x0000,0x0000,0x0100,0x0080,0x0080,0x20F8,0x1F80,0x0080,0x0080,0x0080,0x0100,0x0100,0x0200,0x0400,0x0800,0x0000}},
    {0x30CB, {0x0000,0x0000,0x0000,0x0000,0x00E0,0x1F00,0x0000,0x0000,0x0000,0x0000,0x01F0,0x3E08,0x0000,0x0000,0x0000,0x0000}},
    {0x30CD, {0x0000,0x0000,0x0200,0x0100,0x01E0,0x1E20,0x0040,0x0080,0x0100,0x0340,0x0D30,0x3108,0x0100,0x0100,0x0100,0x0000}},
    {0x30CE, {0x0000,0x0000,0x0040,0x0020,0x0020,0x0020,0x0040,0x0040,0x0080,0x0080,0x0100,0x0200,0x0400,0x0800,0x1000,0x0000}},
    {0x30CF, {0x0000,0x0000,0x0000,0x0000,0x0000,0x0880,0x0440,0x0420,0x0810,0x0810,0x1008,0x2008,0x4008,0x0000,0x0000,0x0000}},
    {0x30D0, {0x0000,0x0000,0x0008,0x0024,0x0014,0x0890,0x0440,0x0420,0x0810,0x0810,0x1008,0x2008,0x4008,0x0000,0x0000,0x0000}},
    {0x30D1, {0x0000,0x0018,0x0024,0x0024,0x0018,0x0880,0x0440,0x0420,0x0810,0x0810,0x1008,0x2008,0x4008,0x0000,0x0000,0x0000}},
    {0x30D2, {0x0000,0x0000,0x0000,0x1000,0x0800,0x0800,0x08E0,0x0F00,0x0800,0x0800,0x0800,0x0800,0x0400,0x03F0,0x0000,0x0000}},
    {0x30D3, {0x0000,0x0000,0x0010,0x1048,0x0828,0x0820,0x0800,0x08E0,0x0F00,0x0800,0x0800,0x0800,0x0400,0x03F0,0x0000,0x0000}},
    {0x30D4, {0x0000,0x0000,0x0030,0x1048,0x0848,0x0830,0x0800,0x08E0,0x0F00,0x0800,0x0800,0x0800,0x0400,0x03F0,0x0000,0x0000}},
    {0x30D5, {0x0000,0x0000,0x0000,0x10F0,0x0F10,0x0010,0x0020,0x0020,0x0040,0x0040,0x0080,0x0100,0x0200,0x0400,0x0000,0x0000}},
    {0x30D6, {0x0000,0x0008,0x0024,0x23D4,0x1C50,0x0040,0x0080,0x0080,0x0100,0x0100,0x0200,0x0400,0x0800,0x1000,0x0000,0x0000}},
    {0x30D7, {0x0000,0x0018,0x0024,0x23E4,0x1C58,0x0040,0x0080,0x0080,0x0100,0x0100,0x0200,0x0400,0x0800,0x1000,0x0000,0x0000}},
    {0x30D8, {0x0000,0x0000,0x0000,0x0000,0x0000,0x0200,0x0500,0x4880,0x3040,0x0030,0x000C,0x0000,0x0000,0x0000,0x0000,0x0000}},
    {0x30D9, {0x0000,0x0000,0x0020,0x0090,0x0050,0x0240,0x0500,0x4880,0x3040,0x0030,0x000C,0x0000,0x0000,0x0000,0x0000,0x0000}},
    {0x30DA, {0x0000,0x0000,0x0060,0x0090,0x0090,0x0260,0x0500,0x4880,0x3040,0x0030,0x000C,0x0000,0x0000,0x0000,0x0000,0x0000}},
    {0x30DB, {0x0000,0x0000,0x0200,0x0100,0x0100,0x21F0,0x1F00,0x0100,0x0140,0x0920,0x0910,0x1110,0x2100,0x0300,0x0100,0x0000}},
    {0x30DC, {0x0000,0x0008,0x0224,0x0114,0x0110,0x21F0,0x1F00,0x0100,0x0140,0x0920,0x0910,0x1110,0x2100,0x0300,0x0100,0x0000}},
    {0x30DD, {0x0000,0x0018,0x0224,0x0124,0x0118,0x21F0,0x1F00,0x0100,0x0140,0x0920,0x0910,0x1110,0x2100,0x0300,0x0100,0x0000}},
    {0x30DE, {0x0000,0x0000,0x0000,0x0000,0x20F0,0x1F08,0x0010,0x0020,0x0040,0x0C80,0x0300,0x0080,0x0040,0x0000,0x0000,0x0000}},
    {0x30DF, {0x0000,0x0000,0x0400,0x0300,0x00C0,0x0020,0x0800,0x0600,0x0180,0x0040,0x1000,0x0C00,0x0300,0x00C0,0x0020,0x0000}},
    {0x30E0, {0x0000,0x0000,0x0200,0x0100,0x0100,0x0100,0x0200,0x0200,0x0240,0x0420,0x0430,0x29C8,0x1E08,0x0000,0x0000,0x0000}},
    {0x30E1, {0x0000,0x0000,0x0040,0x0020,0x0020,0x0020,0x0620,0x01C0,0x0040,0x00A0,0x0090,0x0100,0x0200,0x0C00,0x3000,0x0000}},
    {0x30E2, {0x0000,0x0000,0x0000,0x10E0,0x0F00,0x0200,0x0200,0x23F8,0x1E00,0x0200,0x0200,0x0200,0x01F0,0x0000,0x0000,0x0000}},
    {0x30E3, {0x0000,0x0000,0x0000,0x0000,0x0000,0x0000,0x0400,0x0270,0x0390,0x1E20,0x0140,0x0100,0x0080,0x0080,0x0080,0x0000}},
    {0x30E4, {0x0000,0x0000,0x0800,0x0400,0x0478,0x0388,0x2610,0x1A20,0x0140,0x0100,0x0100,0x0080,0x0080,0x0080,0x0000,0x0000}},
    {0x30E5, {0x0000,0x0000,0x0000,0x0000,0x0000,0x0000,0x0000,0x01C0,0x0E40,0x0040,0x0080,0x01E0,0x1E10,0x0000,0x0000,0x0000}},
    {0x30E7, {0x0000,0x0000,0x0000,0x0000,0x0000,0x0000,0x01E0,0x0E20,0x0020,0x01E0,0x0E40,0x0040,0x01C0,0x0E20,0x0000,0x0000}},
    {0x30E9, {0x0000,0x0000,0x0000,0x11C0,0x0E00,0x0070,0x2390,0x1C10,0x0010,0x0020,0x0020,0x0040,0x0080,0x0300,0x0C00,0x0000}},
    {0x30EA, {0x0000,0x0000,0x0040,0x0820,0x0420,0x0420,0x0420,0x0420,0x0420,0x0420,0x0040,0x0040,0x0080,0x0100,0x0200,0x0000}},
    {0x30EB, {0x0000,0x0000,0x0000,0x0100,0x0880,0x0480,0x0480,0x0488,0x0488,0x0490,0x0890,0x08A0,0x10C0,0x2080,0x0000,0x0000}},
    {0x30EC, {0x0000,0x0000,0x1000,0x0800,0x0800,0x0800,0x0800,0x0800,0x0810,0x0820,0x0840,0x0880,0x0B00,0x0C00,0x0000,0x0000}},
    {0x30ED, {0x0000,0x0000,0x0000,0x0000,0x21F0,0x1E10,0x1010,0x1010,0x0820,0x0820,0x09E0,0x0E10,0x0800,0x0000,0x0000,0x0000}},
    {0x30EF, {0x0000,0x0000,0x0000,0x21F0,0x1E10,0x1010,0x0810,0x0820,0x0820,0x0040,0x0040,0x0080,0x0100,0x0200,0x0400,0x0000}},
    {0x30F3, {0x0000,0x0000,0x0000,0x0000,0x1800,0x0408,0x0208,0x0010,0x0010,0x0020,0x0040,0x0080,0x1300,0x0C00,0x0000,0x0000}},
    {0x30FC, {0x0000,0x0000,0x0000,0x0000,0x0000,0x0000,0x0000,0x40F8,0x3F00,0x0000,0x0000,0x0000,0x0000,0x0000,0x0000,0x0000}},
    {0x4E00, {0x0000,0x0000,0x0000,0x0000,0x0000,0x0000,0x0000,0xFFFE,0x0000,0x0000,0x0000,0x0000,0x0000,0x0000,0x0000,0x0000}},
    {0x4E07, {0x0000,0x0000,0xFFFE,0x0400,0x0400,0x0400,0x07F0,0x0410,0x0410,0x0810,0x0810,0x1010,0x1010,0x2010,0x40A0,0x8040}},
    {0x4E09, {0x0000,0x0000,0x7FFC,0x0000,0x0000,0x0000,0x0000,0x3FF8,0x0000,0x0000,0x0000,0x0000,0x0000,0xFFFE,0x0000,0x0000}},
    {0x4E0A, {0x0200,0x0200,0x0200,0x0200,0x0200,0x0200,0x03F8,0x0200,0x0200,0x0200,0x0200,0x0200,0x0200,0x0200,0xFFFE,0x0000}},
    {0x4E0B, {0x0000,0xFFFE,0x0200,0x0200,0x0200,0x0200,0x0240,0x0220,0x0210,0x0208,0x0208,0x0200,0x0200,0x0200,0x0200,0x0200}},
    {0x4E0D, {0x0000,0x7FFC,0x0080,0x0080,0x0100,0x0100,0x0340,0x0520,0x0910,0x1108,0x2104,0x4104,0x8100,0x0100,0x0100,0x0100}},
    {0x4E0E, {0x1000,0x1000,0x1000,0x1FFC,0x1000,0x2000,0x2000,0x3FF8,0x0008,0x0008,0x0008,0xFFC8,0x0008,0x0008,0x0050,0x0020}},
    {0x4E16, {0x0220,0x1220,0x1220,0x1220,0x1220,0xFFFE,0x1220,0x1220,0x1220,0x1220,0x13E0,0x1000,0x1000,0x1000,0x1FFC,0x0000}},
    {0x4E1A, {0x0440,0x0440,0x0440,0x0440,0x4444,0x2444,0x2448,0x1448,0x1450,0x1460,0x0440,0x0440,0x0440,0x0440,0xFFFE,0x0000}},
    {0x4E21, {0x0000,0xFFFE,0x0100,0x0100,0x0100,0x7FFC,0x4104,0x4924,0x4924,0x4924,0x4924,0x4FE4,0x4024,0x4004,0x4014,0x4008}},
    {0x4E2A, {0x0100,0x0100,0x0280,0x0440,0x0820,0x1010,0x2108,0xC106,0x0100,0x0100,0x0100,0x0100,0x0100,0x0100,0x0100,0x0100}},
    {0x4E2D, {0x0100,0x0100,0x0100,0x0100,0x3FF8,0x2108,0x2108,0x2108,0x2108,0x2108,0x3FF8,0x2108,0x0100,0x0100,0x0100,0x0100}},
    {0x4E3A, {0x0100,0x2100,0x1100,0x1100,0x0100,0x7FF8,0x0208,0x0208,0x0288,0x0448,0x0448,0x0808,0x1008,0x2008,0x4050,0x8020}},
    {0x4E3B, {0x0200,0x0100,0x0000,0x7FFC,0x0100,0x0100,0x0100,0x0100,0x3FF8,0x0100,0x0100,0x0100,0x0100,0x0100,0xFFFE,0x0000}},
    {0x4E49, {0x0200,0x0110,0x2110,0x2010,0x1020,0x1020,0x0820,0x0840,0x0440,0x0280,0x0100,0x0280,0x0440,0x0820,0x3018,0xC006}},
    {0x4E4B, {0x0200,0x0100,0x0100,0x0000,0x7FF8,0x0010,0x0020,0x0040,0x0080,0x0100,0x0200,0x0400,0x1800,0x2400,0x43FE,0x0000}},
    {0x4E57, {0x00F8,0x3F00,0x0100,0x7FFC,0x0920,0x0920,0xFFFE,0x0920,0x0920,0x7FFC,0x0380,0x0540,0x0920,0x3118,0xC106,0x0100}},
    {0x4E70, {0x0000,0x7FFC,0x0004,0x0888,0x0480,0x2480,0x1080,0x1080,0x0100,0xFFFE,0x0100,0x02C0,0x0420,0x0810,0x3008,0xC004}},
    {0x4E86, {0x0000,0x7FF8,0x0010,0x0020,0x0040,0x0180,0x0100,0x0100,0x0100,0x0100,0x0100,0x0100,0x0100,0x0100,0x0500,0x0200}},
    {0x4E88, {0x0000,0x1FF0,0x0010,0x0220,0x0140,0x0080,0x7FFE,0x0082,0x0084,0x0080,0x0080,0x0080,0x0080,0x0080,0x0280,0x0100}},
    {0x4E8B, {0x0100,0x0100,0xFFFE,0x0100,0x3FF8,0x2108,0x3FF8,0x0100,0x3FF8,0x0108,0xFFFE,0x0108,0x3FF8,0x0100,0x0500,0x0200}},
    {0x4E8C, {0x0000,0x0000,0x0000,0x3FF8,0x0000,0x0000,0x0000,0x0000,0x0000,0x0000,0x0000,0x0000,0xFFFE,0x0000,0x0000,0x0000}},
    {0x4E8E, {0x0000,0x3FF8,0x0100,0x0100,0x0100,0x0100,0xFFFE,0x0100,0x0100,0x0100,0x0100,0x0100,0x0100,0x0100,0x0500,0x0200}},
    {0x4E92, {0x0000,0x7FFC,0x0400,0x0400,0x0400,0x0FF0,0x0810,0x0810,0x1010,0x1020,0x1FE0,0x0020,0x0040,0x0040,0xFFFE,0x0000}},
    {0x4EA1, {0x0200,0x0100,0x0100,0x0000,0xFFFE,0x1000,0x1000,0x1000,0x1000,0x1000,0x1000,0x1000,0x1000,0x1000,0x1FFC,0x0000}},
    {0x4EA4, {0x0200,0x0100,0x0100,0xFFFE,0x0000,0x1010,0x1008,0x2024,0x4824,0x0440,0x0280,0x0100,0x0280,0x0C40,0x3030,0xC00E}},
    {0x4EAE, {0x0200,0x0100,0x7FFC,0x0000,0x0FE0,0x0820,0x0FE0,0x0000,0x7FFE,0x4002,0x87C4,0x0440,0x0440,0x0842,0x3042,0xC03E}},
    {0x4EBA, {0x0100,0x0100,0x0100,0x0100,0x0100,0x0100,0x0280,0x0280,0x0440,0x0440,0x0820,0x0820,0x1010,0x2008,0x4004,0x8002}},
    {0x4EC5, {0x0800,0x0BFC,0x0904,0x1104,0x1104,0x3088,0x3088,0x5088,0x9050,0x1050,0x1020,0x1020,0x1050,0x1088,0x1104,0x1602}},
    {0x4ECA, {0x0100,0x0100,0x0280,0x0440,0x0820,0x1210,0x2108,0xC106,0x0000,0x1FF0,0x0010,0x0020,0x0020,0x0040,0x0080,0x0100}},
    {0x4ED5, {0x0840,0x0840,0x0840,0x1040,0x1040,0x3FFE,0x3040,0x5040,0x9040,0x1040,0x1040,0x1040,0x1040,0x17FC,0x1000,0x1000}},
    {0x4ED6, {0x0840,0x0840,0x0A40,0x1258,0x1268,0x32C8,0x3348,0x5E48,0x9248,0x1248,0x1258,0x1242,0x1202,0x1202,0x11FE,0x1000}},
    {0x4ED8, {0x0810,0x0810,0x0810,0x1010,0x17FE,0x3010,0x3010,0x5010,0x9110,0x1090,0x1090,0x1010,0x1010,0x1010,0x1050,0x1020}},
    {0x4EE3, {0x0890,0x0888,0x0888,0x1080,0x10BE,0x37C0,0x3080,0x5040,0x9040,0x1040,0x1020,0x1022,0x1012,0x100A,0x1006,0x1002}},
    {0x4EE5, {0x0010,0x0410,0x2210,0x2110,0x2110,0x2010,0x2010,0x2020,0x2020,0x2020,0x2440,0x2850,0x3088,0x2104,0x0202,0x0402}},
    {0x4EEA, {0x0880,0x0848,0x0A48,0x1208,0x1208,0x3110,0x3110,0x5110,0x90A0,0x10A0,0x1040,0x1040,0x10A0,0x1110,0x1208,0x1406}},
    {0x4EF6, {0x0820,0x0820,0x0920,0x1120,0x11FC,0x3220,0x3220,0x5420,0x9020,0x17FE,0x1020,0x1020,0x1020,0x1020,0x1020,0x1020}},
    {0x4EFB, {0x0810,0x0878,0x0BC0,0x1040,0x1040,0x3040,0x3040,0x5FFE,0x9040,0x1040,0x1040,0x1040,0x1040,0x1040,0x17FC,0x1000}},
    {0x4F1A, {0x0100,0x0100,0x0280,0x0440,0x0820,0x3018,0xCFE6,0x0000,0x0000,0x7FFC,0x0200,0x0400,0x0820,0x1010,0x3FF8,0x1008}},
    {0x4F1D, {0x0800,0x0800,0x0BFC,0x1000,0x1000,0x3000,0x37FE,0x5040,0x9040,0x1080,0x1080,0x1108,0x1204,0x17FE,0x1202,0x1000}},
    {0x4F20, {0x0840,0x0840,0x0840,0x13F8,0x1040,0x3080,0x37FE,0x5080,0x9100,0x13F8,0x1008,0x1110,0x10A0,0x1040,0x1020,0x1020}},
    {0x4F24, {0x0880,0x0880,0x0900,0x11FE,0x1200,0x3440,0x3040,0x53FC,0x9044,0x1044,0x1084,0x1084,0x1104,0x1104,0x1228,0x1410}},
    {0x4F46, {0x0800,0x0800,0x0BFC,0x1204,0x1204,0x3204,0x33FC,0x5204,0x9204,0x1204,0x13FC,0x1204,0x1000,0x1000,0x17FE,0x1000}},
    {0x4F4D, {0x0880,0x0840,0x0840,0x1000,0x17FC,0x3000,0x3008,0x5208,0x9208,0x1110,0x1110,0x1110,0x1120,0x1020,0x1FFE,0x1000}},
    {0x4F4E, {0x0808,0x083C,0x0BE0,0x1220,0x1220,0x3220,0x3220,0x53FE,0x9220,0x1210,0x1210,0x1212,0x120A,0x128A,0x1326,0x1212}},
    {0x4F4F, {0x0880,0x0840,0x0800,0x17FC,0x1040,0x3040,0x3040,0x5040,0x97FC,0x1040,0x1040,0x1040,0x1040,0x1040,0x1FFE,0x1000}},
    {0x4F53, {0x0840,0x0840,0x0840,0x1040,0x17FC,0x3040,0x30E0,0x50E0,0x9150,0x1150,0x1248,0x15F4,0x1842,0x1040,0x1040,0x1040}},
    {0x4F59, {0x0100,0x0100,0x0280,0x0440,0x0820,0x1010,0x2FE8,0xC106,0x0100,0x3FF8,0x0100,0x1110,0x1108,0x2104,0x4504,0x0200}},
    {0x4F5C, {0x0900,0x0900,0x0900,0x11FE,0x1280,0x3280,0x3480,0x50F8,0x9080,0x1080,0x1080,0x10FC,0x1080,0x1080,0x1080,0x1080}},
    {0x4F60, {0x0880,0x0880,0x0880,0x11FE,0x1102,0x3204,0x3420,0x5020,0x9128,0x1124,0x1224,0x1222,0x1422,0x1020,0x10A0,0x1040}},
    {0x4F73, {0x0840,0x0840,0x0BFC,0x1040,0x1040,0x3040,0x3FFE,0x5000,0x9040,0x1040,0x13FC,0x1040,0x1040,0x1040,0x1FFE,0x1000}},
    {0x4FA5, {0x0880,0x0880,0x08BC,0x13C0,0x1050,0x3024,0x30D4,0x530C,0x9000,0x17FE,0x1090,0x1090,0x1112,0x1112,0x120E,0x1400}},
    {0x4FA7, {0x1004,0x17C4,0x1444,0x2454,0x2554,0x6554,0x6554,0xA554,0x2554,0x2554,0x2554,0x2104,0x2284,0x2244,0x2414,0x2808}},
    {0x4FBF, {0x1000,0x17FE,0x1040,0x27FC,0x2444,0x6444,0x67FC,0xA444,0x2444,0x27FC,0x2240,0x2140,0x2080,0x2140,0x2230,0x2C0E}},
    {0x4FDD, {0x0800,0x0BF8,0x0A08,0x1208,0x1208,0x33F8,0x3040,0x5040,0x97FC,0x10E0,0x1150,0x1248,0x1444,0x1842,0x1040,0x1040}},
    {0x4FE1, {0x0840,0x0820,0x0BFE,0x1000,0x1000,0x31FC,0x3000,0x5000,0x91FC,0x1000,0x1000,0x11FC,0x1104,0x1104,0x11FC,0x1104}},
    {0x4FEE, {0x1080,0x1080,0x11F8,0x2108,0x2A90,0x6C60,0xA998,0x2E26,0x28C0,0x2B10,0x2820,0x28C8,0x2B10,0x2060,0x2180,0x2600}},
    {0x4FFA, {0x0840,0x0880,0x0BFC,0x1110,0x1248,0x3446,0x33F8,0x5248,0x9248,0x13F8,0x1248,0x1248,0x13F8,0x1042,0x1042,0x103E}},
    {0x500B, {0x1000,0x17FC,0x1444,0x2444,0x27FC,0x6444,0x6444,0xA5F4,0x2514,0x2514,0x2514,0x25F4,0x2514,0x2404,0x27FC,0x2404}},
    {0x501F, {0x0910,0x0910,0x0910,0x17FC,0x1110,0x3110,0x3FFE,0x5000,0x93F8,0x1208,0x1208,0x13F8,0x1208,0x1208,0x13F8,0x1208}},
    {0x5024, {0x0820,0x0820,0x0BFE,0x1040,0x11FC,0x3504,0x3504,0x55FC,0x9504,0x15FC,0x1504,0x1504,0x15FC,0x1400,0x17FE,0x1000}},
    {0x503C, {0x0840,0x0840,0x0FFC,0x1040,0x1040,0x33F8,0x3208,0x53F8,0x9208,0x13F8,0x1208,0x13F8,0x1208,0x1208,0x1FFE,0x1000}},
    {0x503E, {0x1000,0x10FE,0x1410,0x2420,0x247C,0x6444,0x6754,0xA454,0x2454,0x2454,0x2554,0x2654,0x2420,0x2028,0x2044,0x2082}},
    {0x505C, {0x1080,0x1040,0x17FC,0x2000,0x23F8,0x6208,0x63F8,0xA000,0x2FFE,0x2802,0x23F8,0x2040,0x2040,0x2040,0x2140,0x2080}},
    {0x5099, {0x0888,0x0888,0x0BFE,0x1088,0x1088,0x37FE,0x3080,0x51FC,0x9324,0x15FC,0x1124,0x11FC,0x1124,0x1124,0x1124,0x110C}},
    {0x50A8, {0x1020,0x1020,0x18FA,0x2424,0x2428,0x61FE,0x6020,0xBC40,0x24FC,0x2544,0x2644,0x247C,0x2544,0x2644,0x247C,0x2044}},
    {0x50AC, {0x0820,0x0A22,0x0BFE,0x1090,0x1088,0x31FE,0x3310,0x5510,0x91FE,0x1110,0x1110,0x11FE,0x1110,0x1110,0x11FE,0x1100}},
    {0x50B7, {0x0900,0x09FC,0x0A00,0x15F8,0x1108,0x31F8,0x3108,0x51F8,0x9000,0x17FE,0x1100,0x13FC,0x14A4,0x1124,0x1254,0x1088}},
    {0x50BE, {0x1000,0x11FE,0x1010,0x2420,0x24FC,0x6484,0x6784,0xA4FC,0x2484,0x24FC,0x2584,0x2684,0x24FC,0x2048,0x2084,0x2102}},
    {0x50CF, {0x0900,0x09F0,0x0A10,0x17FC,0x1A24,0x3244,0x33FC,0x5080,0x9144,0x16A8,0x1130,0x1668,0x10A8,0x1124,0x16A2,0x1040}},
    {0x513F, {0x0840,0x0840,0x0840,0x0840,0x0840,0x0840,0x0840,0x0840,0x0840,0x0840,0x0840,0x1042,0x1042,0x2042,0x403E,0x8000}},
    {0x5143, {0x0000,0x3FF8,0x0000,0x0000,0x0000,0xFFFE,0x0440,0x0440,0x0440,0x0440,0x0840,0x0842,0x1042,0x2042,0x403E,0x8000}},
    {0x5145, {0x0200,0x0100,0xFFFE,0x0400,0x0400,0x0820,0x1010,0x3FF8,0x0448,0x0440,0x0440,0x0440,0x0844,0x0844,0x1044,0x603C}},
    {0x5148, {0x0100,0x1100,0x1100,0x1FF8,0x2100,0x4100,0x0100,0xFFFE,0x0440,0x0440,0x0440,0x0840,0x0842,0x1042,0x203E,0xC000}},
    {0x5149, {0x0100,0x2108,0x1108,0x0910,0x0920,0x0100,0xFFFE,0x0440,0x0440,0x0440,0x0440,0x0842,0x0842,0x1042,0x203E,0xC000}},
    {0x514D, {0x0800,0x0800,0x0FE0,0x1020,0x2040,0x7FF8,0xA108,0x2108,0x2108,0x3FF8,0x2288,0x0480,0x0880,0x1082,0x2082,0xC07E}},
    {0x5165, {0x0400,0x0200,0x0100,0x0100,0x0100,0x0280,0x0280,0x0280,0x0440,0x0440,0x0820,0x0820,0x1010,0x2010,0x4008,0x8006}},
    {0x5168, {0x0100,0x0100,0x0280,0x0440,0x0820,0x1010,0x2FE8,0xC106,0x0100,0x0100,0x1FF0,0x0100,0x0100,0x0100,0x7FFC,0x0000}},
    {0x516B, {0x0000,0x0040,0x0440,0x0440,0x0440,0x0440,0x0440,0x0420,0x0820,0x0820,0x0810,0x1010,0x1008,0x2008,0x2004,0x4002}},
    {0x516C, {0x0080,0x0480,0x0480,0x0840,0x0840,0x1020,0x2010,0x4208,0x8206,0x0400,0x0440,0x0820,0x1020,0x3FF0,0x1010,0x0000}},
    {0x5171, {0x0420,0x0420,0x0420,0x0420,0x3FFC,0x0420,0x0420,0x0420,0x0420,0x0420,0x7FFE,0x0000,0x0420,0x0810,0x1008,0x2004}},
    {0x5173, {0x1010,0x0810,0x0820,0x0000,0x3FF8,0x0100,0x0100,0x0100,0xFFFE,0x0100,0x0280,0x0280,0x0440,0x0820,0x3018,0xC006}},
    {0x5176, {0x0820,0x0820,0x7FFC,0x0820,0x0820,0x0FE0,0x0820,0x0820,0x0FE0,0x0820,0x0820,0xFFFE,0x0000,0x0820,0x1010,0x2008}},
    {0x5185, {0x0100,0x0100,0x0100,0x7FFC,0x4104,0x4104,0x4104,0x4284,0x4244,0x4424,0x4814,0x5014,0x4004,0x4004,0x4014,0x4008}},
    {0x518D, {0x0000,0xFFFE,0x0100,0x0100,0x3FF8,0x2108,0x2108,0x3FF8,0x2108,0x2108,0xFFFE,0x2008,0x2008,0x2008,0x2028,0x2010}},
    {0x519B, {0x0000,0x7FFE,0x4002,0x8204,0x0200,0x3FF8,0x0400,0x0900,0x1100,0x3FF8,0x0100,0x0100,0xFFFE,0x0100,0x0100,0x0100}},
    {0x51A0, {0x0000,0x7FFE,0x4002,0x8004,0x3E08,0x0008,0x00FE,0x7E08,0x1448,0x1428,0x1408,0x142A,0x2412,0x2402,0x43FE,0x8000}},
    {0x51AC, {0x0400,0x0400,0x0FF0,0x1010,0x2820,0x4440,0x0380,0x0C60,0x3018,0xC006,0x0700,0x00C0,0x0020,0x0E00,0x0180,0x0040}},
    {0x51B0, {0x0040,0x4040,0x2040,0x2044,0x0068,0x0770,0x1160,0x1150,0x2150,0xE248,0x2248,0x2444,0x2842,0x2040,0x2140,0x0080}},
    {0x51B3, {0x0080,0x4080,0x2080,0x27F8,0x0088,0x0088,0x1088,0x1088,0x2FFE,0xE080,0x2140,0x2140,0x2220,0x2410,0x2808,0x1006}},
    {0x51B7, {0x0040,0x4040,0x20A0,0x20A0,0x0110,0x0248,0x1426,0x1020,0x23F8,0xE008,0x2010,0x2110,0x20A0,0x2040,0x2020,0x0020}},
    {0x51C0, {0x0100,0x4100,0x23F0,0x2410,0x0020,0x17FC,0x1044,0x1044,0x2FFE,0x2044,0xE044,0x27FC,0x2044,0x2040,0x2140,0x0080}},
    {0x51CF, {0x0014,0x4012,0x2010,0x27FE,0x0410,0x0410,0x15D0,0x1412,0x2412,0xE5D4,0x2554,0x2548,0x25DA,0x242A,0x2846,0x1082}},
    {0x51E0, {0x0000,0x0FE0,0x0820,0x0820,0x0820,0x0820,0x0820,0x0820,0x0820,0x0820,0x1020,0x1022,0x2022,0x2022,0x401E,0x8000}},
    {0x51F8, {0x0000,0x0FE0,0x0820,0x0820,0x0820,0x0820,0x0820,0x783C,0x4004,0x4004,0x4004,0x4004,0x4004,0x4004,0x7FFC,0x4004}},
    {0x51FA, {0x0100,0x0100,0x2108,0x2108,0x2108,0x2108,0x3FF8,0x0108,0x0100,0x0100,0x4104,0x4104,0x4104,0x4104,0x7FFC,0x0004}},
    {0x51FB, {0x0100,0x0100,0x0100,0x3FF8,0x0100,0x0100,0x0100,0xFFFE,0x0100,0x0100,0x2108,0x2108,0x2108,0x2108,0x3FF8,0x0008}},
    {0x5206, {0x0040,0x0440,0x0420,0x0820,0x1010,0x2008,0x4004,0x9FE2,0x0420,0x0420,0x0420,0x0820,0x0820,0x1020,0x2140,0x4080}},
    {0x5207, {0x1000,0x1000,0x11FC,0x1044,0x1044,0x1E44,0xF044,0x1044,0x1044,0x1244,0x1444,0x1884,0x1084,0x0104,0x0228,0x0410}},
    {0x5217, {0x0004,0x7F84,0x0804,0x0824,0x1F24,0x1124,0x2124,0x2124,0x5224,0x8A24,0x0424,0x0424,0x0804,0x1004,0x2014,0x4008}},
    {0x5219, {0x0004,0x7F04,0x4104,0x4124,0x4924,0x4924,0x4924,0x4924,0x4924,0x4924,0x4924,0x1424,0x1204,0x2104,0x4094,0x8088}},
    {0x521A, {0x0004,0x7F04,0x4104,0x4124,0x6524,0x5524,0x5524,0x4924,0x4924,0x5524,0x5524,0x6524,0x4104,0x4104,0x4514,0x4208}},
    {0x521D, {0x2000,0x1000,0x01FC,0xFC44,0x0844,0x1044,0x1044,0x3444,0x5844,0x9444,0x1444,0x1084,0x1084,0x1104,0x1228,0x1410}},
    {0x5225, {0x0004,0x7F04,0x4104,0x4124,0x4124,0x7F24,0x0024,0x1024,0x1024,0x1F24,0x1124,0x1124,0x2104,0x2104,0x4A14,0x8408}},
    {0x5229, {0x0104,0x0784,0x7C04,0x0424,0x0424,0x0424,0xFFA4,0x0C24,0x1624,0x1524,0x24A4,0x2424,0x4404,0x8404,0x0414,0x0408}},
    {0x522B, {0x0004,0x7F04,0x4104,0x4124,0x4124,0x7F24,0x1024,0x1024,0xFF24,0x1124,0x1124,0x1124,0x2104,0x2104,0x4A14,0x8408}},
    {0x5230, {0x0004,0xFF84,0x0804,0x1024,0x2224,0x4124,0xFFA4,0x08A4,0x0824,0x0824,0x7F24,0x0824,0x0804,0x0F84,0xF814,0x4008}},
    {0x5236, {0x0404,0x2404,0x2404,0x3FA4,0x4424,0x0424,0xFFE4,0x0424,0x0424,0x3FA4,0x24A4,0x24A4,0x2684,0x2504,0x0414,0x0408}},
    {0x5237, {0x0002,0x3FC2,0x2042,0x2042,0x3FD2,0x2212,0x2212,0x2212,0x3FD2,0x5252,0x5252,0x5252,0x9342,0x1282,0x020A,0x0204}},
    {0x5239, {0x0104,0x6204,0x1404,0x0824,0x1424,0x2224,0x4924,0x0824,0xFFA4,0x0824,0x2A24,0x2924,0x4884,0x8884,0x2814,0x1008}},
    {0x5242, {0x1004,0x0804,0xFF84,0x0224,0x6424,0x1824,0x2624,0xC124,0x22A4,0x2224,0x2224,0x2224,0x2204,0x4204,0x4214,0x8208}},
    {0x524D, {0x1010,0x0810,0x0820,0xFFFE,0x0000,0x3E08,0x2248,0x2248,0x3E48,0x2248,0x2248,0x3E48,0x2208,0x2208,0x2A28,0x2410}},
    {0x5264, {0x1004,0x0804,0xFF84,0x0224,0x6424,0x1824,0x2624,0xC124,0x22A4,0x3E24,0x2224,0x2224,0x3E04,0x4204,0x4214,0x8208}},
    {0x5269, {0x0702,0x7802,0x0802,0xFF82,0x2A12,0x2A92,0xEB12,0x2A92,0x6A92,0xA992,0x1C12,0x2A12,0x4902,0x8882,0x080A,0x0804}},
    {0x526A, {0x0820,0xFFFE,0x0000,0x3E08,0x2248,0x3E48,0x2248,0x3E48,0x2208,0x2618,0x0000,0x7FF8,0x0408,0x0808,0x1050,0x6020}},
    {0x5270, {0x0382,0x3C02,0x0402,0x7FC2,0x1512,0x1512,0xFFD2,0x1512,0x1512,0x7FD2,0x0E12,0x1512,0x2482,0x4442,0x840A,0x0404}},
    {0x529B, {0x0200,0x0200,0x0200,0x0200,0x7FF8,0x0208,0x0208,0x0208,0x0208,0x0408,0x0408,0x0808,0x0808,0x1088,0x2050,0x4020}},
    {0x529F, {0x0040,0x0040,0x0040,0xFE40,0x11FC,0x1044,0x1044,0x1044,0x1044,0x1084,0x1084,0x1E84,0xF104,0x4104,0x0228,0x0410}},
    {0x52A0, {0x1000,0x1000,0x1000,0x107C,0xFE44,0x1244,0x1244,0x1244,0x1244,0x1244,0x1244,0x1244,0x2244,0x227C,0x4A44,0x8400}},
    {0x52A1, {0x0400,0x0400,0x0FF0,0x1820,0x24C0,0x0300,0x0CC0,0x3230,0xC20E,0x1FF0,0x0210,0x0410,0x0410,0x0810,0x10A0,0x2040}},
    {0x52A8, {0x0040,0x0040,0x7C40,0x0040,0x01FC,0x0044,0xFE44,0x2044,0x2044,0x2084,0x4884,0x4484,0xFD04,0x4504,0x0228,0x0410}},
    {0x52A9, {0x0020,0x7C20,0x4420,0x4420,0x44FC,0x7C24,0x4424,0x4424,0x7C24,0x4424,0x4424,0x4444,0x4E44,0xF084,0x0128,0x0210}},
    {0x52B1, {0x0010,0x7FD0,0x4010,0x4010,0x5F7E,0x4812,0x4812,0x4F12,0x4912,0x4912,0x4912,0x4912,0x4912,0x5122,0x952A,0x2244}},
    {0x52B3, {0x0820,0x0820,0xFFFE,0x0820,0x0000,0x7FFE,0x4202,0x8204,0x3FF0,0x0210,0x0210,0x0410,0x0410,0x0810,0x10A0,0x2040}},
    {0x52B4, {0x2208,0x1108,0x1110,0x0020,0x7FFE,0x4002,0x8204,0x0200,0x7FF8,0x0208,0x0208,0x0408,0x0408,0x0808,0x1050,0x6020}},
    {0x52B9, {0x1020,0x0820,0x0020,0xFF20,0x00FC,0x2424,0x4224,0x8124,0x2424,0x1424,0x0824,0x1444,0x2244,0x4284,0x8128,0x0210}},
    {0x52D5, {0x0F20,0x7820,0x0820,0xFFA0,0x087C,0x7F24,0x4924,0x7F24,0x4924,0x7F24,0x0824,0x7F24,0x0844,0x0FC4,0xF894,0x4108}},
    {0x52DD, {0x0020,0x7924,0x48A8,0x4820,0x49FC,0x7840,0x4BFE,0x4888,0x4944,0x7A42,0x4DF8,0x4848,0x4888,0x4888,0x4928,0x9A10}},
    {0x5316, {0x0880,0x0880,0x0884,0x1088,0x1090,0x30A0,0x30C0,0x5080,0x9180,0x1280,0x1480,0x1082,0x1082,0x1082,0x107E,0x1000}},
    {0x5317, {0x0440,0x0440,0x0440,0x0444,0x0448,0x7C50,0x0460,0x0440,0x0440,0x0440,0x0440,0x0442,0x1C42,0xE442,0x443E,0x0400}},
    {0x5339, {0x0000,0x7FFC,0x4440,0x4440,0x4440,0x4440,0x4440,0x4440,0x4444,0x4444,0x4844,0x483C,0x5000,0x4000,0x7FFE,0x0000}},
    {0x533A, {0x0000,0x7FFC,0x4000,0x4010,0x4410,0x4220,0x4140,0x4080,0x4140,0x4220,0x4410,0x4810,0x4000,0x4000,0x7FFE,0x0000}},
    {0x5347, {0x0120,0x07A0,0x3C20,0x0420,0x0420,0x0420,0x0420,0xFFFE,0x0420,0x0420,0x0420,0x0820,0x0820,0x1020,0x2020,0x4020}},
    {0x534A, {0x0100,0x2108,0x1108,0x0910,0x0920,0x0100,0x3FF8,0x0100,0x0100,0x0100,0xFFFE,0x0100,0x0100,0x0100,0x0100,0x0100}},
    {0x5355, {0x1010,0x0820,0x0440,0x3FF8,0x2108,0x2108,0x3FF8,0x2108,0x2108,0x3FF8,0x0100,0x0100,0xFFFE,0x0100,0x0100,0x0100}},
    {0x5357, {0x0100,0x0100,0xFFFE,0x0100,0x0100,0x7FFC,0x4824,0x4444,0x4FE4,0x4104,0x4104,0x5FF4,0x4104,0x4104,0x4114,0x4008}},
    {0x5358, {0x2208,0x1108,0x1110,0x3FF8,0x2108,0x2108,0x3FF8,0x2108,0x2108,0x3FF8,0x0100,0x0100,0xFFFE,0x0100,0x0100,0x0100}},
    {0x5361, {0x0200,0x0200,0x03F8,0x0200,0x0200,0x0200,0xFFFE,0x0200,0x0200,0x0240,0x0220,0x0210,0x0208,0x0200,0x0200,0x0200}},
    {0x5373, {0x0000,0x7E7C,0x4244,0x4244,0x7E44,0x4244,0x4244,0x7E44,0x4044,0x4844,0x4454,0x4A48,0x5240,0x6040,0x0040,0x0040}},
    {0x5374, {0x0800,0x0800,0x087C,0x7F44,0x0844,0x0844,0x0844,0xFFC4,0x1044,0x1044,0x2444,0x4254,0xFF48,0x4140,0x0040,0x0040}},
    {0x5382, {0x0000,0x3FFE,0x2000,0x2000,0x2000,0x2000,0x2000,0x2000,0x2000,0x2000,0x2000,0x2000,0x2000,0x4000,0x4000,0x8000}},
    {0x538B, {0x0000,0x3FFE,0x2000,0x2080,0x2080,0x2080,0x2080,0x2FFC,0x2080,0x2080,0x2090,0x2088,0x2088,0x4080,0x5FFE,0x8000}},
    {0x539A, {0x0000,0x3FFE,0x2000,0x27F8,0x2408,0x27F8,0x2408,0x27F8,0x2000,0x27F8,0x2010,0x2020,0x2FFE,0x4040,0x4140,0x8080}},
    {0x539F, {0x0000,0x3FFE,0x2080,0x2100,0x27F0,0x2410,0x2410,0x27F0,0x2410,0x2410,0x27F0,0x2080,0x2490,0x4888,0x5284,0x8100}},
    {0x53BB, {0x0100,0x0100,0x0100,0x3FF8,0x0100,0x0100,0x0100,0x0100,0xFFFE,0x0200,0x0200,0x0400,0x0820,0x1010,0x3FF8,0x0008}},
    {0x53C2, {0x0200,0x0440,0x0820,0x1FF0,0x0200,0x7FFC,0x0820,0x1090,0x2308,0xCC46,0x0180,0x0610,0x1820,0x00C0,0x0700,0x7800}},
    {0x53CC, {0x0000,0x0000,0xFDFC,0x0484,0x4484,0x4484,0x2888,0x2888,0x1050,0x1050,0x2820,0x2820,0x4450,0x4488,0x8104,0x0202}},
    {0x53CD, {0x0010,0x00F8,0x3F00,0x2000,0x2000,0x3FF8,0x2408,0x2410,0x2210,0x2220,0x2140,0x2080,0x4140,0x4220,0x8C18,0x3006}},
    {0x53CE, {0x0400,0x0400,0x45FC,0x4484,0x4484,0x4484,0x4488,0x4488,0x4C50,0x5450,0x6420,0x4420,0x0450,0x0488,0x0504,0x0602}},
    {0x53D1, {0x0100,0x1110,0x1108,0x2200,0x3FFC,0x0200,0x0400,0x07F8,0x0A08,0x0908,0x1110,0x10A0,0x2040,0x40A0,0x0318,0x1C06}},
    {0x53D6, {0x0000,0xFF80,0x22FC,0x2244,0x3E44,0x2244,0x2244,0x3E44,0x2228,0x2228,0x27A8,0xFA10,0x4210,0x0228,0x0244,0x0282}},
    {0x53D7, {0x0008,0x007C,0x3F88,0x1108,0x0890,0x7FFE,0x4002,0x8004,0x3FF0,0x0820,0x0440,0x0280,0x0100,0x06C0,0x1830,0xE00E}},
    {0x53D8, {0x0200,0x0100,0xFFFE,0x0440,0x1450,0x2448,0x4444,0x0000,0x3FF0,0x0820,0x0440,0x0280,0x0100,0x06C0,0x1830,0xE00E}},
    {0x53E3, {0x0000,0x0000,0x3FF8,0x2008,0x2008,0x2008,0x2008,0x2008,0x2008,0x2008,0x2008,0x2008,0x2008,0x3FF8,0x2008,0x0000}},
    {0x53E4, {0x0100,0x0100,0x0100,0x0100,0xFFFE,0x0100,0x0100,0x0100,0x1FF0,0x1010,0x1010,0x1010,0x1010,0x1010,0x1FF0,0x1010}},
    {0x53E6, {0x0000,0x1FF0,0x1010,0x1010,0x1010,0x1FF0,0x0200,0x0200,0x7FF8,0x0208,0x0408,0x0408,0x0808,0x1008,0x2050,0x4020}},
    {0x53EB, {0x0004,0x0004,0x7C84,0x4484,0x4484,0x4484,0x4484,0x4484,0x448C,0x44B4,0x7CC4,0x4484,0x0004,0x0004,0x0004,0x0004}},
    {0x53EF, {0x0000,0x7FFE,0x0010,0x0010,0x1F10,0x1110,0x1110,0x1110,0x1110,0x1110,0x1F10,0x1110,0x0010,0x0010,0x0050,0x0020}},
    {0x53F0, {0x0200,0x0200,0x0400,0x0820,0x1010,0x2008,0x7FFC,0x2004,0x0000,0x1FF0,0x1010,0x1010,0x1010,0x1010,0x1FF0,0x1010}},
    {0x53F3, {0x0200,0x0200,0x0200,0xFFFE,0x0400,0x0400,0x0800,0x0800,0x1FF8,0x2808,0x4808,0x8808,0x0808,0x0808,0x0FF8,0x0808}},
    {0x53F7, {0x0000,0x1FF0,0x1010,0x1010,0x1010,0x1FF0,0x0000,0xFFFE,0x0800,0x1000,0x1FF0,0x0010,0x0010,0x0010,0x00A0,0x0040}},
    {0x53F8, {0x0000,0x3FF8,0x0008,0x0008,0x7FE8,0x0008,0x0008,0x1F88,0x1088,0x1088,0x1088,0x1088,0x1F88,0x1088,0x0028,0x0010}},
    {0x5408, {0x0100,0x0100,0x0280,0x0440,0x0820,0x3018,0xCFE6,0x0000,0x0000,0x1FF0,0x1010,0x1010,0x1010,0x1010,0x1FF0,0x1010}},
    {0x540C, {0x0000,0x3FFC,0x2004,0x2004,0x2FF4,0x2004,0x2004,0x27E4,0x2424,0x2424,0x2424,0x27E4,0x2424,0x2004,0x2014,0x2008}},
    {0x540D, {0x0200,0x0200,0x07F0,0x0810,0x1420,0x6240,0x0280,0x0100,0x0600,0x1FF8,0xE808,0x0808,0x0808,0x0808,0x0FF8,0x0808}},
    {0x540E, {0x0010,0x00F8,0x1F00,0x1000,0x1000,0x1FFE,0x1000,0x1000,0x1000,0x17F8,0x1408,0x2408,0x2408,0x4408,0x87F8,0x0408}},
    {0x5411, {0x0200,0x0400,0x0800,0x7FFC,0x4004,0x4004,0x47C4,0x4444,0x4444,0x4444,0x4444,0x47C4,0x4444,0x4004,0x4014,0x4008}},
    {0x5417, {0x0000,0x03F0,0x7810,0x4810,0x4910,0x4910,0x4910,0x49FC,0x4804,0x4804,0x7804,0x4BF4,0x0004,0x0004,0x0028,0x0010}},
    {0x5426, {0x0000,0x7FFC,0x0080,0x0100,0x0300,0x0560,0x0918,0x3104,0xC102,0x0000,0x1FF0,0x1010,0x1010,0x1010,0x1FF0,0x1010}},
    {0x542B, {0x0100,0x0100,0x0280,0x0440,0x0A20,0x3118,0xC106,0x0FE0,0x0040,0x0080,0x1FF0,0x1010,0x1010,0x1010,0x1FF0,0x1010}},
    {0x542F, {0x0100,0x0080,0x1FFC,0x1004,0x1004,0x1004,0x1FFC,0x1000,0x1000,0x1000,0x17FC,0x2404,0x2404,0x4404,0x87FC,0x0404}},
    {0x5438, {0x0000,0x07F8,0x7908,0x4910,0x4910,0x4920,0x493C,0x4904,0x4904,0x4A88,0x7A88,0x4A50,0x0420,0x0450,0x0888,0x0306}},
    {0x5468, {0x0000,0x3FF8,0x2108,0x2108,0x2FE8,0x2108,0x2108,0x3FF8,0x2008,0x27C8,0x2448,0x2448,0x27C8,0x4008,0x4028,0x8010}},
    {0x548C, {0x0400,0x0E00,0x7800,0x087C,0x0844,0xFF44,0x0844,0x1844,0x1C44,0x2A44,0x2A44,0x4844,0x887C,0x0844,0x0800,0x0800}},
    {0x54C1, {0x0000,0x1FF0,0x1010,0x1010,0x1010,0x1010,0x1FF0,0x0000,0x0000,0x7C7C,0x4444,0x4444,0x4444,0x4444,0x7C7C,0x4444}},
    {0x54CD, {0x0040,0x0040,0x7880,0x4BFC,0x4A04,0x4A04,0x4AF4,0x4A94,0x4A94,0x4A94,0x7A94,0x4AF4,0x0204,0x0204,0x0214,0x0208}},
    {0x54D1, {0x0000,0x03FC,0x7890,0x4890,0x4890,0x4892,0x4C92,0x4A94,0x4A94,0x4A98,0x7890,0x4890,0x0090,0x0090,0x07FE,0x0000}},
    {0x54E5, {0x0000,0x7FFC,0x0010,0x1F90,0x1090,0x1090,0x1F90,0x0000,0xFFFE,0x0010,0x1F90,0x1090,0x1090,0x1F90,0x0050,0x0020}},
    {0x552E, {0x0900,0x0880,0x0FFC,0x1080,0x3FF8,0x5080,0x9FF8,0x1080,0x1FFC,0x0000,0x1FF8,0x1008,0x1008,0x1008,0x1FF8,0x1008}},
    {0x5546, {0x0200,0x0100,0x7FFC,0x0820,0x0440,0x3FF8,0x2008,0x2448,0x2828,0x37D8,0x2448,0x2448,0x27C8,0x2008,0x2028,0x2010}},
    {0x554F, {0x0000,0x7CF8,0x4488,0x7CF8,0x4488,0x7CF8,0x4008,0x4008,0x4FC8,0x4848,0x4848,0x4FC8,0x4848,0x4008,0x4028,0x4010}},
    {0x559C, {0x0100,0x7FFC,0x0100,0x3FF8,0x0000,0x3FF8,0x2008,0x3FF8,0x0820,0xFFFE,0x0000,0x3FF8,0x2008,0x2008,0x3FF8,0x2008}},
    {0x55B7, {0x0020,0x01FC,0x7820,0x4888,0x4BFE,0x4888,0x4800,0x49FC,0x4904,0x4924,0x7924,0x4924,0x0124,0x0050,0x0088,0x0304}},
    {0x5634, {0x0090,0x0294,0xF2D8,0x9292,0x92D2,0x970E,0x91F0,0x9210,0x97FC,0x9A44,0xF3FC,0x9244,0x03FC,0x0444,0x0454,0x0808}},
    {0x5668, {0x0000,0x3E7C,0x2244,0x2244,0x3E7C,0x0120,0x0110,0xFFFE,0x0280,0x0C60,0x3018,0xC006,0x3E7C,0x2244,0x2244,0x3E7C}},
    {0x5674, {0x0020,0x01FC,0x7820,0x4888,0x4BFE,0x4888,0x49FC,0x4904,0x49FC,0x4904,0x79FC,0x4904,0x01FC,0x0088,0x0104,0x0202}},
    {0x56DB, {0x0000,0x0000,0x7FFC,0x4444,0x4444,0x4444,0x4444,0x4444,0x4844,0x483C,0x5004,0x6004,0x4004,0x7FFC,0x4004,0x0000}},
    {0x56DE, {0x0000,0x3FFC,0x2004,0x2004,0x27E4,0x2424,0x2424,0x2424,0x2424,0x2424,0x27E4,0x2004,0x2004,0x3FFC,0x2004,0x0000}},
    {0x56FA, {0x0000,0x7FFC,0x4104,0x4104,0x5FF4,0x4104,0x4104,0x4FE4,0x4824,0x4824,0x4824,0x4FE4,0x4824,0x4004,0x7FFC,0x4004}},
    {0x56FE, {0x0000,0x7FFC,0x4204,0x4204,0x47E4,0x4C44,0x5284,0x4104,0x46C4,0x783C,0x4304,0x4084,0x4604,0x4184,0x7FFC,0x4004}},
    {0x5727, {0x0000,0x3FFE,0x2000,0x2080,0x2080,0x2080,0x2080,0x2FFC,0x2080,0x2080,0x2080,0x2080,0x2080,0x4080,0x5FFE,0x8000}},
    {0x5728, {0x0200,0x0200,0x0400,0xFFFE,0x0800,0x0840,0x1040,0x3040,0x57FC,0x9040,0x1040,0x1040,0x1040,0x1040,0x1FFE,0x1000}},
    {0x5730, {0x1020,0x1020,0x1020,0x1120,0x112C,0xFD34,0x1164,0x13A4,0x1124,0x1134,0x1128,0x1D22,0xE122,0x4102,0x00FE,0x0000}},
    {0x573A, {0x2000,0x23F0,0x2020,0x2040,0x2080,0xF900,0x23FC,0x2124,0x2124,0x2124,0x2224,0x3A44,0xE444,0x4884,0x0128,0x0210}},
    {0x5747, {0x1040,0x1040,0x1080,0x10FC,0x1104,0xFE04,0x1084,0x1044,0x1044,0x1014,0x1024,0x1C44,0xE184,0x4004,0x0028,0x0010}},
    {0x574F, {0x1000,0x1000,0x13FE,0x1010,0x1010,0xFC20,0x1020,0x1068,0x1064,0x10A4,0x1D22,0xE222,0x4420,0x0020,0x0020,0x0020}},
    {0x5761, {0x2020,0x2020,0x2020,0x23FE,0x2222,0xFA24,0x2220,0x23FC,0x2284,0x2288,0x2248,0x3A50,0xE220,0x4450,0x0488,0x0906}},
    {0x578B, {0x0004,0x7F84,0x1224,0x1224,0x1224,0xFFA4,0x1224,0x2204,0x2214,0x4108,0x8100,0x3FF8,0x0100,0x0100,0xFFFE,0x0000}},
    {0x57AB, {0x0840,0x0840,0x7DF8,0x0848,0x0C48,0x19C8,0x684A,0x08AA,0x2886,0x1102,0x0100,0x3FF8,0x0100,0x0100,0xFFFE,0x0000}},
    {0x57CE, {0x2028,0x2024,0x2020,0x27FE,0x2420,0xFC20,0x2424,0x27A4,0x24A4,0x24A8,0x24A8,0x3C90,0xE692,0x492A,0x0846,0x1082}},
    {0x57FA, {0x0820,0x0820,0x7FFC,0x0820,0x0FE0,0x0820,0x0FE0,0x0820,0xFFFE,0x0820,0x1110,0x2108,0xCFE6,0x0100,0x0100,0x3FF8}},
    {0x5834, {0x2000,0x23F8,0x2208,0x23F8,0x2208,0xFBF8,0x2000,0x2FFE,0x2200,0x23FC,0x2494,0x3924,0xE244,0x4484,0x0128,0x0210}},
    {0x5857, {0x2040,0x10A0,0x9110,0x4208,0x4DF6,0x1040,0x27FC,0xE040,0x2248,0x2444,0x2942,0x2080,0x0100,0x3FF8,0x0100,0xFFFE}},
    {0x585E, {0x0200,0x0100,0x7FFE,0x4442,0x9FF4,0x0440,0x3FF8,0x0440,0xFFFE,0x0820,0x1110,0x2108,0xDFF6,0x0100,0x0100,0x7FFC}},
    {0x586B, {0x2040,0x2040,0x27FC,0x2040,0x23F8,0xFA08,0x23F8,0x2208,0x23F8,0x2208,0x23F8,0x3A08,0xEFFE,0x4110,0x0208,0x0404}},
    {0x5897, {0x2104,0x2088,0x2000,0x23FE,0x2222,0xFBFE,0x2222,0x2222,0x23FE,0x2000,0x21FC,0x3904,0xE1FC,0x4104,0x01FC,0x0104}},
    {0x589E, {0x2208,0x2110,0x2000,0x27FC,0x2444,0xFD54,0x24E4,0x2444,0x27FC,0x2000,0x23F8,0x3A08,0xE3F8,0x4208,0x03F8,0x0208}},
    {0x58F0, {0x0100,0x0100,0xFFFE,0x0100,0x7FFC,0x0000,0x3FF8,0x2108,0x2108,0x3FF8,0x2000,0x2000,0x2000,0x4000,0x4000,0x8000}},
    {0x58F2, {0x0100,0x0100,0x7FFC,0x0100,0x0100,0x1FF0,0x0000,0x7FFE,0x4002,0x8444,0x0440,0x0440,0x0440,0x0844,0x1044,0x203C}},
    {0x58F3, {0x0100,0x0100,0x7FFC,0x0100,0x0100,0x1FF0,0x0000,0x7FFE,0x4002,0x8004,0x0FE0,0x0820,0x0820,0x1022,0x2022,0xC01E}},
    {0x5907, {0x0400,0x0400,0x0FF0,0x1820,0x6440,0x0380,0x1C70,0xE00E,0x1FF0,0x1110,0x1110,0x1FF0,0x1110,0x1110,0x1FF0,0x1010}},
    {0x5909, {0x0200,0x0100,0xFFFE,0x0440,0x1450,0x2448,0x4444,0x0800,0x0FF0,0x1010,0x2820,0x4440,0x0380,0x0C60,0x3018,0xC006}},
    {0x590D, {0x1000,0x1000,0x1FFC,0x2000,0x5FF0,0x9010,0x1FF0,0x1010,0x1FF0,0x0400,0x0FF0,0x1820,0x6440,0x0380,0x1C70,0xE00E}},
    {0x5916, {0x1040,0x1040,0x1040,0x1040,0x3E40,0x2260,0x4250,0x4248,0xA444,0x1444,0x0840,0x0840,0x1040,0x2040,0x4040,0x8040}},
    {0x591A, {0x0200,0x0200,0x07F0,0x0820,0x3840,0x0480,0x0340,0x0C80,0x71F8,0x0208,0x0C10,0x3220,0x0140,0x0180,0x0E00,0x7000}},
    {0x591C, {0x0200,0x0100,0xFFFE,0x0880,0x0880,0x10F8,0x1108,0x3148,0x5228,0x9510,0x1110,0x10A0,0x1040,0x10A0,0x1118,0x1606}},
    {0x5927, {0x0100,0x0100,0x0100,0x0100,0x0100,0xFFFE,0x0100,0x0100,0x0280,0x0280,0x0440,0x0440,0x0820,0x1010,0x2008,0xC006}},
    {0x592A, {0x0100,0x0100,0x0100,0x0100,0x0100,0xFFFE,0x0100,0x0100,0x0280,0x0280,0x0440,0x0440,0x0A20,0x1110,0x2108,0xC006}},
    {0x5931, {0x0100,0x1100,0x1100,0x1100,0x1FF8,0x2100,0x4100,0x0100,0xFFFE,0x0100,0x0280,0x0280,0x0440,0x0820,0x1010,0x600C}},
    {0x5934, {0x0080,0x0080,0x0880,0x0480,0x2480,0x1080,0x1080,0x0080,0xFFFE,0x0100,0x0140,0x0220,0x0410,0x0808,0x3004,0xC004}},
    {0x5947, {0x0100,0x0100,0x3FF8,0x0280,0x0440,0x0820,0xFFFE,0x0010,0x0010,0x1F90,0x1090,0x1090,0x1F90,0x0010,0x0050,0x0020}},
    {0x5956, {0x0840,0x4840,0x28FC,0x0904,0x1A88,0x2850,0x4820,0x8840,0x0980,0x0100,0xFFFE,0x0280,0x0440,0x0820,0x3018,0xC006}},
    {0x5957, {0x0100,0x0100,0x7FFC,0x0280,0x0440,0x0FF0,0x3418,0xC7E6,0x0400,0x07E0,0x0400,0xFFFE,0x0400,0x0810,0x1FF8,0x0008}},
    {0x5968, {0x083E,0x4BC4,0x2A48,0x2920,0x0808,0x1BFE,0x2908,0xC888,0x0828,0x0910,0x0100,0x7FFC,0x0280,0x0440,0x1830,0xE00E}},
    {0x597D, {0x1000,0x10FC,0x1004,0x1008,0xFC10,0x2420,0x2420,0x25FE,0x2420,0x4820,0x2820,0x1020,0x2820,0x4420,0x84A0,0x0040}},
    {0x59CB, {0x1020,0x1020,0x1020,0x1040,0xFC48,0x2484,0x25FE,0x2482,0x2400,0x48FC,0x2884,0x1084,0x2884,0x4484,0x80FC,0x0084}},
    {0x5A92, {0x1088,0x1088,0x13FE,0x1088,0xFC88,0x24F8,0x2488,0x2488,0x24F8,0x4820,0x2BFE,0x1070,0x28A8,0x4524,0x8222,0x0020}},
    {0x5B50, {0x0000,0x7FF8,0x0010,0x0020,0x0040,0x0180,0x0100,0xFFFE,0x0100,0x0100,0x0100,0x0100,0x0100,0x0100,0x0500,0x0200}},
    {0x5B54, {0x0040,0x7E40,0x0240,0x0440,0x0840,0x0840,0x0A40,0x0C40,0x3840,0xC840,0x0840,0x0842,0x0842,0x0842,0x283E,0x1000}},
    {0x5B57, {0x0200,0x0100,0x7FFE,0x4002,0x8004,0x1FE0,0x0040,0x0080,0x0100,0xFFFE,0x0100,0x0100,0x0100,0x0100,0x0500,0x0200}},
    {0x5B58, {0x0400,0x0400,0xFFFE,0x0800,0x0800,0x13F8,0x1010,0x3020,0x5040,0x97FE,0x1040,0x1040,0x1040,0x1040,0x1140,0x1080}},
    {0x5B63, {0x0070,0x1F80,0x0100,0x0100,0x7FFC,0x0540,0x0920,0x3118,0xCFE6,0x0040,0x0080,0xFFFE,0x0100,0x0100,0x0500,0x0200}},
    {0x5B66, {0x2208,0x1108,0x1110,0x0020,0x7FFE,0x4002,0x8004,0x1FE0,0x0040,0x0180,0xFFFE,0x0100,0x0100,0x0100,0x0500,0x0200}},
    {0x5B89, {0x0200,0x0100,0x3FFC,0x2004,0x4208,0x0200,0x0200,0xFFFE,0x0420,0x0820,0x1840,0x0640,0x0180,0x0260,0x0C10,0x7008}},
    {0x5B8C, {0x0200,0x0100,0x7FFE,0x4002,0x8004,0x1FF0,0x0000,0x0000,0x7FFC,0x0440,0x0440,0x0440,0x0844,0x0844,0x1044,0x603C}},
    {0x5B9A, {0x0200,0x0100,0x7FFE,0x4002,0x8004,0x0000,0x3FF8,0x0100,0x0100,0x1100,0x11F8,0x1100,0x1100,0x2900,0x47FE,0x8000}},
    {0x5B9C, {0x0200,0x0100,0x7FFE,0x4002,0x8004,0x1FF0,0x1010,0x1010,0x1FF0,0x1010,0x1010,0x1FF0,0x1010,0x1010,0xFFFE,0x0000}},
    {0x5B9F, {0x0200,0x0100,0x7FFE,0x4002,0x8104,0x0100,0x3FF8,0x0100,0x1FF0,0x0100,0x7FFC,0x0280,0x0440,0x0820,0x3018,0xC006}},
    {0x5BA2, {0x0200,0x0100,0x7FFE,0x4002,0x8804,0x0FF0,0x1020,0x2C40,0x0380,0x1C70,0xE00E,0x1FF0,0x1010,0x1010,0x1FF0,0x1010}},
    {0x5BB6, {0x0200,0x0100,0x7FFE,0x4002,0x8004,0x7FFC,0x0200,0x0D08,0x7190,0x02A0,0x0CC0,0x71A0,0x0698,0x1886,0xE280,0x0100}},
    {0x5BB9, {0x0200,0x0100,0x7FFE,0x4002,0x8824,0x1110,0x2288,0x0440,0x0820,0x3018,0xDFF6,0x1010,0x1010,0x1010,0x1FF0,0x1010}},
    {0x5BBD, {0x0200,0x0100,0x7FFE,0x4002,0x8444,0x3FF8,0x0440,0x0000,0x1FF0,0x1010,0x1110,0x1110,0x1290,0x0482,0x1882,0xE07E}},
    {0x5BDF, {0x0100,0x7FFE,0x4002,0x9084,0x1EF8,0x2288,0x5450,0x2820,0x17D8,0x2006,0xDFF0,0x0100,0x1110,0x2108,0x4504,0x0200}},
    {0x5BF8, {0x0040,0x0040,0x0040,0x0040,0xFFFE,0x0040,0x0040,0x0040,0x1040,0x0840,0x0840,0x0040,0x0040,0x0040,0x0140,0x0080}},
    {0x5BF9, {0x0010,0x0010,0x0010,0x7E10,0x02FE,0x0210,0x2410,0x1490,0x0850,0x0850,0x1410,0x1210,0x2210,0x4010,0x0050,0x0020}},
    {0x5BFC, {0x0000,0x3FF0,0x2010,0x2010,0x3FF0,0x2004,0x2004,0x1FFC,0x0020,0x0020,0xFFFE,0x0820,0x0420,0x0420,0x00A0,0x0040}},
    {0x5BFE, {0x2010,0x1010,0x1010,0x0010,0xFEFE,0x0410,0x0410,0x4890,0x2850,0x1050,0x1010,0x2810,0x2410,0x4410,0x8050,0x0020}},
    {0x5C04, {0x0808,0x1008,0x3E08,0x2208,0x3EFE,0x2208,0x3E08,0x2208,0x2248,0xFE28,0x0628,0x0A08,0x1208,0x2208,0x4A28,0x0410}},
    {0x5C0A, {0x0820,0x0440,0xFFFE,0x0440,0x3FF8,0x2848,0x3038,0x27C8,0x2008,0x3FF8,0x0020,0xFFFE,0x0820,0x0420,0x04A0,0x0040}},
    {0x5C0E, {0x2110,0x17FE,0x1080,0x03F8,0xF208,0x13F8,0x1208,0x13F8,0x1208,0x13F8,0x2800,0x47FE,0x0020,0xFFFE,0x0820,0x0460}},
    {0x5C0F, {0x0100,0x0100,0x0100,0x0100,0x0100,0x1110,0x1108,0x1104,0x2104,0x2102,0x4102,0x8102,0x0100,0x0100,0x0500,0x0200}},
    {0x5C11, {0x0100,0x0100,0x0100,0x0920,0x0910,0x1108,0x1104,0x2114,0x4110,0x0120,0x0040,0x0080,0x0100,0x0200,0x0C00,0x7000}},
    {0x5C16, {0x0100,0x0100,0x0920,0x0910,0x1108,0x2104,0x4104,0x0000,0x0100,0x0100,0xFFFE,0x0280,0x0440,0x0820,0x3018,0xC006}},
    {0x5C31, {0x2040,0x1050,0xFE48,0x0048,0x0040,0x7DFE,0x4450,0x4450,0x4450,0x7C50,0x1090,0x5490,0x9292,0x1112,0x510E,0x2200}},
    {0x5C3A, {0x0000,0x1FF8,0x1008,0x1008,0x1008,0x1008,0x1FF8,0x1080,0x1080,0x1080,0x1040,0x1040,0x2020,0x2010,0x4008,0x8006}},
    {0x5C3E, {0x0000,0x3FFC,0x2004,0x2004,0x3FFC,0x2000,0x20F0,0x2F00,0x2100,0x21F0,0x2F00,0x2100,0x21F8,0x5F02,0x4102,0x80FE}},
    {0x5C42, {0x0000,0x3FFC,0x2004,0x2004,0x3FFC,0x2000,0x2000,0x2FFC,0x2000,0x2000,0x3FFE,0x2100,0x2210,0x4408,0x4FFC,0x8404}},
    {0x5C45, {0x0000,0x3FF8,0x2008,0x2008,0x3FF8,0x2080,0x2080,0x3FFE,0x2080,0x2080,0x2FF8,0x2808,0x4808,0x4808,0x8FF8,0x0808}},
    {0x5C4B, {0x0000,0x3FFC,0x2004,0x2004,0x3FFC,0x2000,0x2FFC,0x2100,0x2210,0x27F8,0x2088,0x2080,0x2FFC,0x4080,0x4080,0xBFFE}},
    {0x5C4F, {0x0000,0x3FF8,0x2008,0x2008,0x3FF8,0x2410,0x2220,0x2FF8,0x2220,0x2220,0x3FFC,0x2220,0x4220,0x4420,0x8420,0x0820}},
    {0x5C5E, {0x0000,0x3FFC,0x2004,0x3FFC,0x2000,0x2FF8,0x2080,0x2FF8,0x2888,0x2FF8,0x2080,0x3FFC,0x5094,0x57F4,0x9014,0x1008}},
    {0x5C71, {0x0100,0x0100,0x0100,0x0100,0x2108,0x2108,0x2108,0x2108,0x2108,0x2108,0x2108,0x2108,0x2108,0x3FF8,0x0008,0x0000}},
    {0x5CAD, {0x1020,0x1020,0x1050,0x1050,0x5488,0x5524,0x5612,0x5410,0x55FC,0x5404,0x5408,0x5C88,0x6450,0x0020,0x0010,0x0010}},
    {0x5CB8, {0x0100,0x2108,0x2108,0x3FF8,0x0000,0x3FFC,0x2000,0x2FF8,0x2080,0x2080,0x3FFE,0x2080,0x4080,0x4080,0x8080,0x0080}},
    {0x5CF0, {0x1040,0x1040,0x10FC,0x1088,0x5550,0x5420,0x54D8,0x5726,0x54F8,0x5420,0x54F8,0x5C20,0x67FE,0x0020,0x0020,0x0020}},
    {0x5DE5, {0x0000,0x0000,0x7FFC,0x0100,0x0100,0x0100,0x0100,0x0100,0x0100,0x0100,0x0100,0x0100,0x0100,0xFFFE,0x0000,0x0000}},
    {0x5DE6, {0x0200,0x0200,0x0200,0xFFFE,0x0400,0x0400,0x0400,0x0800,0x0FF8,0x1080,0x1080,0x2080,0x4080,0x8080,0x3FFE,0x0000}},
    {0x5DE8, {0x0000,0x3FF8,0x2000,0x2000,0x2000,0x3FF0,0x2010,0x2010,0x2010,0x3FF0,0x2000,0x2000,0x2000,0x2000,0x3FFC,0x0000}},
    {0x5DEE, {0x0820,0x0440,0x7FFC,0x0100,0x0100,0x3FF8,0x0200,0x0200,0xFFFE,0x0400,0x0800,0x17F8,0x2080,0x4080,0x8080,0x1FFC}},
    {0x5DF1, {0x0000,0x3FF0,0x0010,0x0010,0x0010,0x0010,0x0010,0x3FF0,0x2000,0x2000,0x2000,0x2004,0x2004,0x2004,0x1FFC,0x0000}},
    {0x5DF2, {0x0000,0x3FF0,0x0010,0x0010,0x0010,0x2010,0x2010,0x3FF0,0x2000,0x2000,0x2000,0x2004,0x2004,0x2004,0x1FFC,0x0000}},
    {0x5DF4, {0x0000,0x3FF8,0x2108,0x2108,0x2108,0x2108,0x2108,0x3FF8,0x2008,0x2000,0x2000,0x2002,0x2002,0x2002,0x1FFE,0x0000}},
    {0x5E02, {0x0200,0x0100,0x0000,0x7FFC,0x0100,0x0100,0x0100,0x3FF8,0x2108,0x2108,0x2108,0x2108,0x2128,0x2110,0x0100,0x0100}},
    {0x5E08, {0x0800,0x0BFE,0x4820,0x4820,0x4820,0x49FC,0x4924,0x4924,0x4924,0x4924,0x4924,0x0934,0x1128,0x1020,0x2020,0x4020}},
    {0x5E26, {0x0920,0x0920,0x7FFC,0x0920,0x0920,0x0000,0x7FFE,0x4102,0x8104,0x1FF0,0x1110,0x1110,0x1150,0x1120,0x0100,0x0100}},
    {0x5E27, {0x1020,0x1020,0x103E,0x7C20,0x5420,0x55FC,0x5504,0x5524,0x5524,0x5524,0x5524,0x5D24,0x1050,0x1048,0x1084,0x1104}},
    {0x5E30, {0x0800,0x09FC,0x4804,0x48FC,0x4804,0x49FC,0x4800,0x4BFE,0x4A22,0x4820,0x49FC,0x0924,0x1124,0x1134,0x2128,0x4020}},
    {0x5E38, {0x0100,0x1110,0x0920,0x7FFE,0x4002,0x8FE4,0x0820,0x0820,0x0FE0,0x0100,0x1FF0,0x1110,0x1110,0x1150,0x1120,0x0100}},
    {0x5E55, {0x0440,0x7FFC,0x0440,0x1FF0,0x1010,0x1FF0,0x1010,0x1FF0,0x0400,0xFFFE,0x1110,0x3FF8,0xD116,0x1150,0x1120,0x0100}},
    {0x5E72, {0x0000,0x3FF8,0x0100,0x0100,0x0100,0x0100,0x0100,0xFFFE,0x0100,0x0100,0x0100,0x0100,0x0100,0x0100,0x0100,0x0100}},
    {0x5E73, {0x0000,0x7FFC,0x0100,0x0100,0x1110,0x0910,0x0920,0x0100,0xFFFE,0x0100,0x0100,0x0100,0x0100,0x0100,0x0100,0x0100}},
    {0x5E78, {0x0100,0x0100,0x3FF8,0x0100,0x0100,0xFFFE,0x0820,0x0440,0x3FF8,0x0100,0x0100,0xFFFE,0x0100,0x0100,0x0100,0x0100}},
    {0x5E7D, {0x0100,0x0100,0x0920,0x0920,0x5144,0x5554,0x7DF4,0x4924,0x4924,0x5554,0x7DF4,0x4514,0x4104,0x4104,0x7FFC,0x0004}},
    {0x5E8F, {0x0100,0x0080,0x3FFE,0x2000,0x23F8,0x2010,0x20A0,0x2040,0x2FFE,0x2042,0x2044,0x2040,0x4040,0x4040,0x8140,0x0080}},
    {0x5E93, {0x0100,0x0080,0x3FFE,0x2100,0x2100,0x3FFC,0x2200,0x2480,0x2880,0x2FF8,0x2080,0x2080,0x5FFE,0x4080,0x8080,0x0080}},
    {0x5E94, {0x0100,0x0080,0x3FFE,0x2000,0x2000,0x2104,0x2884,0x2484,0x2448,0x2248,0x2210,0x2210,0x4020,0x4040,0x9FFE,0x0000}},
    {0x5E95, {0x0100,0x0080,0x3FFE,0x2000,0x203C,0x27C0,0x2440,0x2440,0x2440,0x27FE,0x2420,0x2420,0x2412,0x450A,0x4646,0x8422}},
    {0x5E97, {0x0100,0x0080,0x3FFE,0x2080,0x2080,0x2080,0x20FC,0x2080,0x2080,0x27F8,0x2408,0x2408,0x4408,0x4408,0x87F8,0x0408}},
    {0x5E9F, {0x0100,0x0080,0x3FFE,0x2080,0x2490,0x2888,0x2FFE,0x2100,0x21FC,0x2284,0x2288,0x2450,0x2420,0x4850,0x5188,0x8606}},
    {0x5EA6, {0x0100,0x0080,0x3FFE,0x2220,0x2220,0x3FFC,0x2220,0x2220,0x23E0,0x2000,0x2FF0,0x2410,0x4220,0x41C0,0x8630,0x380E}},
    {0x5EA7, {0x0100,0x0080,0x3FFE,0x2080,0x2490,0x2490,0x2490,0x2AA8,0x31C4,0x2080,0x2FF8,0x2080,0x4080,0x4080,0xBFFE,0x0000}},
    {0x5EC3, {0x0100,0x0080,0x3FFE,0x2040,0x2F50,0x2124,0x2A18,0x2408,0x3BF6,0x2120,0x2120,0x2FFC,0x2120,0x4224,0x4424,0x881C}},
    {0x5F00, {0x0000,0x7FFC,0x0820,0x0820,0x0820,0x0820,0x0820,0xFFFE,0x0820,0x0820,0x0820,0x0820,0x1020,0x1020,0x2020,0x4020}},
    {0x5F0F, {0x0048,0x0044,0x0044,0x0040,0xFFFE,0x0040,0x0040,0x3E40,0x0840,0x0840,0x0820,0x0822,0x0F12,0x780A,0x2006,0x0002}},
    {0x5F15, {0x0008,0x7F08,0x0108,0x0108,0x0108,0x3F08,0x2008,0x2008,0x4008,0x7F08,0x0108,0x0108,0x0108,0x0108,0x0A08,0x0408}},
    {0x5F2F, {0x0200,0x0100,0xFFFE,0x0440,0x1450,0x2448,0x4444,0x0000,0x3FF0,0x0010,0x3FF0,0x2000,0x3FF8,0x0008,0x0050,0x0020}},
    {0x5F31, {0x0000,0x7EFC,0x0204,0x0204,0x7EFC,0x4080,0x4080,0x7EFC,0x2244,0x1224,0x060C,0x1A34,0x62C4,0x0204,0x1428,0x0810}},
    {0x5F37, {0x0020,0xF840,0x0888,0x0904,0x0BFE,0x7822,0x4020,0x43FE,0x4222,0x7A22,0x0BFE,0x0820,0x0824,0x0822,0x57FE,0x2002}},
    {0x5F39, {0x0104,0xF888,0x0850,0x09FC,0x0924,0x7924,0x41FC,0x4124,0x4124,0x79FC,0x0820,0x0820,0x0BFE,0x0820,0x5020,0x2020}},
    {0x5F3A, {0x0000,0xF9FC,0x0904,0x0904,0x09FC,0x7820,0x4020,0x43FE,0x4222,0x7A22,0x0BFE,0x0820,0x0824,0x0822,0x57FE,0x2002}},
    {0x5F53, {0x0100,0x2108,0x1108,0x0910,0x0920,0x0100,0x7FF8,0x0008,0x0008,0x0008,0x3FF8,0x0008,0x0008,0x0008,0x7FF8,0x0008}},
    {0x5F55, {0x0000,0x3FF0,0x0010,0x0010,0x1FF0,0x0010,0x0010,0xFFFE,0x0100,0x2108,0x1190,0x0560,0x0920,0x3118,0xC506,0x0200}},
    {0x5F62, {0x0000,0x7F84,0x1204,0x1208,0x1210,0x1222,0x1202,0xFFC4,0x1208,0x1210,0x1222,0x1202,0x2204,0x2208,0x4210,0x8260}},
    {0x5F80, {0x0880,0x0840,0x1000,0x27FC,0x4840,0x0840,0x1040,0x3040,0x57FC,0x9040,0x1040,0x1040,0x1040,0x1040,0x1FFE,0x1000}},
    {0x5F85, {0x0840,0x0840,0x1040,0x23FC,0x4840,0x0840,0x17FE,0x3010,0x5010,0x97FE,0x1010,0x1210,0x1110,0x1110,0x1050,0x1020}},
    {0x5F8C, {0x0820,0x0840,0x1088,0x2110,0x4BE0,0x0840,0x1088,0x33FC,0x5084,0x9080,0x11F8,0x1308,0x1490,0x1060,0x1198,0x1606}},
    {0x5F92, {0x0820,0x0820,0x11FC,0x2020,0x4820,0x0820,0x13FE,0x3020,0x5020,0x9120,0x113C,0x1120,0x12A0,0x1260,0x143E,0x1800}},
    {0x5F97, {0x0800,0x0BF8,0x1208,0x23F8,0x4A08,0x0BF8,0x1000,0x33FC,0x5010,0x97FE,0x1010,0x1210,0x1110,0x1010,0x1050,0x1020}},
    {0x5FA1, {0x1400,0x1400,0x27DE,0x4912,0x9112,0x1112,0x2FD2,0x6112,0xA112,0x25D2,0x2512,0x251A,0x25D4,0x3E10,0x2810,0x2010}},
    {0x5FC3, {0x0000,0x0200,0x0100,0x0080,0x0080,0x0400,0x0408,0x2404,0x2404,0x2402,0x4402,0x4412,0x8410,0x0410,0x03F0,0x0000}},
    {0x5FC5, {0x0000,0x0400,0x0210,0x0110,0x0120,0x0820,0x2848,0x2844,0x2884,0x4902,0x4A02,0x8C12,0x0810,0x1810,0x27F0,0x4000}},
    {0x5FDC, {0x0100,0x0080,0x3FFE,0x2000,0x2100,0x2080,0x2240,0x2200,0x2200,0x2A08,0x2A04,0x2A14,0x5210,0x4210,0x81F0,0x0000}},
    {0x5FEB, {0x1040,0x1040,0x1040,0x13F8,0x1848,0x5448,0x5048,0x5048,0x97FE,0x1040,0x10A0,0x10A0,0x1110,0x1110,0x1208,0x1406}},
    {0x6001, {0x0100,0x0100,0x7FFC,0x0100,0x0280,0x0440,0x0A20,0x3118,0xC006,0x0100,0x0888,0x4884,0x4812,0x4812,0x87F0,0x0000}},
    {0x6027, {0x1020,0x1020,0x1120,0x1120,0x19FC,0x5520,0x5220,0x5020,0x9020,0x11FC,0x1020,0x1020,0x1020,0x1020,0x13FE,0x1000}},
    {0x603B, {0x1010,0x0820,0x0440,0x0000,0x1FF0,0x1010,0x1010,0x1010,0x1FF0,0x1010,0x0100,0x0884,0x4892,0x4812,0x87F0,0x0000}},
    {0x6052, {0x1000,0x13FE,0x1000,0x1000,0x19FC,0x5504,0x5104,0x51FC,0x9104,0x1104,0x11FC,0x1104,0x1000,0x1000,0x13FE,0x1000}},
    {0x606D, {0x0440,0x0440,0x3FF8,0x0440,0x0440,0xFFFE,0x0440,0x0820,0x1210,0x2208,0xC226,0x1290,0x1248,0x2248,0x0A00,0x0400}},
    {0x606F, {0x0100,0x0200,0x1FF0,0x1010,0x1FF0,0x1010,0x1FF0,0x1010,0x1FF0,0x1010,0x0100,0x0884,0x4892,0x4812,0x87F0,0x0000}},
    {0x60AC, {0x1FF0,0x1010,0x1FF0,0x1010,0x1FF0,0x1010,0xFFFE,0x0820,0x1010,0x3FF8,0x1008,0x0100,0x2888,0x28A4,0x4824,0x07E0}},
    {0x60F3, {0x0800,0x08F8,0x0888,0x7E88,0x08F8,0x1888,0x1CF8,0x2A88,0x4888,0x08F8,0x0100,0x0884,0x4892,0x4812,0x87F0,0x0000}},
    {0x610F, {0x0100,0x3FF8,0x0820,0x0440,0xFFFE,0x0000,0x1FF0,0x1010,0x1FF0,0x1010,0x1FF0,0x0200,0x5104,0x5112,0x9012,0x0FF0}},
    {0x611B, {0x007C,0x3F80,0x1108,0x0890,0x7FFE,0x4102,0x9494,0x1428,0x23E8,0x0800,0x0FF0,0x1420,0x2240,0x4180,0x0E60,0x701C}},
    {0x611F, {0x0028,0x0024,0x3FFE,0x2020,0x2FA4,0x2024,0x2FA8,0x2898,0x2892,0x4FAA,0x4046,0x8082,0x0100,0x4884,0x4812,0x87F2}},
    {0x614B, {0x1080,0x2498,0x7EE0,0x0084,0x7E7C,0x4200,0x7E98,0x42E0,0x7E84,0x4284,0x467C,0x0200,0x5104,0x5112,0x9012,0x0FF0}},
    {0x61C2, {0x2110,0x27FE,0x2110,0x23F8,0x3040,0xAFFC,0xA040,0xA3F8,0xA248,0x23F8,0x2248,0x23F8,0x2040,0x27FC,0x2040,0x2FFE}},
    {0x620F, {0x0020,0x0028,0x0024,0x7E24,0x0220,0x023E,0x25E0,0x1424,0x0824,0x0828,0x1428,0x1210,0x2232,0x404A,0x0086,0x0102}},
    {0x6210, {0x0050,0x0048,0x0040,0x3FFE,0x2040,0x2040,0x2044,0x3E44,0x2244,0x2228,0x2228,0x2212,0x2A32,0x444A,0x4086,0x8102}},
    {0x6211, {0x0440,0x0E50,0x7848,0x0848,0x0840,0xFFFE,0x0840,0x0844,0x0A44,0x0C48,0x1830,0x6822,0x0852,0x088A,0x2B06,0x1002}},
    {0x6216, {0x0048,0x0044,0x0040,0xFFFE,0x0040,0x0040,0x3E44,0x2244,0x2244,0x2228,0x3E28,0x0012,0x0732,0x784A,0x2086,0x0302}},
    {0x622A, {0x0820,0x0828,0x7F24,0x0820,0xFFFE,0x1420,0x2224,0x7FA4,0xA424,0x3F28,0x2428,0x3F10,0x2412,0x3FAA,0x2046,0x2082}},
    {0x6237, {0x0200,0x0100,0x0100,0x1FF8,0x1008,0x1008,0x1008,0x1008,0x1FF8,0x1008,0x1000,0x1000,0x1000,0x2000,0x2000,0x4000}},
    {0x623B, {0x0200,0x0100,0x3FFC,0x2004,0x2004,0x3FFC,0x2080,0x2080,0x2080,0x2FFC,0x2140,0x2140,0x4220,0x4410,0x8808,0x1006}},
    {0x623F, {0x0200,0x0100,0x3FFC,0x2004,0x2004,0x3FFC,0x2100,0x2080,0x3FFC,0x2200,0x2200,0x23F8,0x4408,0x4408,0x8828,0x1010}},
    {0x6240, {0x0208,0x071C,0x38E0,0x2080,0x2080,0x3E80,0x22FE,0x2288,0x2288,0x3E88,0x2088,0x2088,0x4108,0x4108,0x8208,0x0408}},
    {0x624B, {0x0010,0x00F8,0x3F00,0x0100,0x0100,0x3FF8,0x0100,0x0100,0x0100,0xFFFE,0x0100,0x0100,0x0100,0x0100,0x0500,0x0200}},
    {0x6253, {0x1000,0x1000,0x13FE,0x1020,0xFC20,0x1020,0x1020,0x1420,0x1820,0x3020,0xD020,0x1020,0x1020,0x1020,0x50A0,0x2040}},
    {0x6267, {0x1040,0x1040,0x1040,0x1040,0xFDF8,0x1048,0x1048,0x1448,0x1948,0x30C8,0xD048,0x10A8,0x10AA,0x110A,0x5206,0x2402}},
    {0x6269, {0x1020,0x1010,0x1010,0x11FE,0xFD00,0x1100,0x1100,0x1500,0x1900,0x3100,0xD100,0x1100,0x1100,0x1200,0x5200,0x2400}},
    {0x626D, {0x1000,0x11FC,0x1044,0x1044,0xFC44,0x1044,0x1044,0x15FC,0x1884,0x3084,0xD084,0x1084,0x1084,0x1084,0x57FE,0x2000}},
    {0x627F, {0x1FE0,0x0040,0x0080,0x0104,0x7928,0x0FF0,0x0920,0x1110,0x17D0,0x2108,0x2108,0x4FE4,0x8102,0x0100,0x0500,0x0200}},
    {0x6280, {0x1020,0x1020,0x1020,0x13FE,0xFC20,0x1020,0x1020,0x15FC,0x1884,0x3088,0xD048,0x1050,0x1020,0x1050,0x5188,0x2606}},
    {0x6293, {0x1008,0x101C,0x11F0,0x1150,0xFD50,0x1150,0x1150,0x1550,0x1950,0x3148,0xD148,0x1148,0x1144,0x1244,0x5242,0x2400}},
    {0x6295, {0x1000,0x10F8,0x1088,0x1088,0xFC88,0x1106,0x1200,0x15FC,0x1884,0x3084,0xD048,0x1050,0x1020,0x1050,0x5088,0x2306}},
    {0x6297, {0x1080,0x1040,0x1040,0x13FC,0xFC00,0x1000,0x11F0,0x1510,0x1910,0x3110,0xD110,0x1112,0x1112,0x1212,0x520E,0x2400}},
    {0x629B, {0x1210,0x1210,0x1210,0x127C,0xFA14,0x1794,0x1294,0x1A94,0x32A4,0xD2A4,0x12D4,0x128A,0x1482,0x1482,0x587E,0x3000}},
    {0x629C, {0x1040,0x1040,0x1040,0x1040,0xFBFE,0x1080,0x1480,0x18FC,0x3144,0xD144,0x1148,0x1250,0x1220,0x1450,0x5888,0x2306}},
    {0x629E, {0x1000,0x11FC,0x1104,0x1104,0xFD04,0x1104,0x11FC,0x1524,0x1920,0x3120,0xD110,0x1110,0x1208,0x1208,0x5404,0x2802}},
    {0x62A4, {0x1040,0x1020,0x1020,0x11FE,0xFD02,0x1102,0x1102,0x15FE,0x1902,0x3100,0xD100,0x1100,0x1200,0x1200,0x5400,0x2800}},
    {0x62A5, {0x1000,0x11FC,0x1104,0x1104,0xFD14,0x1108,0x1100,0x15FC,0x1944,0x3144,0xD128,0x1128,0x1110,0x1128,0x5144,0x2182}},
    {0x62B5, {0x1008,0x103C,0x13E0,0x1220,0xFE20,0x1220,0x1220,0x13FE,0x1A20,0x3210,0xD210,0x1212,0x120A,0x128A,0x5326,0x2212}},
    {0x62BC, {0x1000,0x11FC,0x1124,0x1124,0xFD24,0x11FC,0x1124,0x1524,0x1924,0x31FC,0xD124,0x1020,0x1020,0x1020,0x5020,0x2020}},
    {0x62C9, {0x1040,0x1020,0x1020,0x1000,0xFBFE,0x1000,0x1404,0x1904,0x3104,0xD088,0x1088,0x1088,0x1090,0x1010,0x57FE,0x2000}},
    {0x62D6, {0x1080,0x1080,0x10FE,0x1100,0xFE20,0x1120,0x112C,0x1574,0x1BA4,0x3124,0xD134,0x1128,0x1122,0x1102,0x50FE,0x2000}},
    {0x62DB, {0x1000,0x13FC,0x1084,0x1084,0xFC84,0x1104,0x1114,0x1208,0x1C00,0x31FC,0xD104,0x1104,0x1104,0x1104,0x51FC,0x2104}},
    {0x62E5, {0x2000,0x27FC,0x2444,0x2444,0xFC44,0x27FC,0x2444,0x2C44,0x3444,0xE7FC,0x2444,0x2444,0x2444,0x2844,0xA854,0x5008}},
    {0x62E6, {0x1000,0x1108,0x1088,0x1090,0xFC00,0x13FE,0x1000,0x1400,0x1800,0x31FC,0xD000,0x1000,0x1000,0x1000,0x53FE,0x2000}},
    {0x62E9, {0x2000,0x27F8,0x2208,0x2110,0xF0A0,0x2040,0x21B0,0x264E,0x3040,0xE3F8,0x2040,0x2040,0x27FC,0x2040,0xA040,0x4040}},
    {0x6301, {0x1020,0x1020,0x1020,0x11FC,0xFC20,0x1020,0x13FE,0x1008,0x1808,0x33FE,0xD008,0x1088,0x1048,0x1008,0x5028,0x2010}},
    {0x6302, {0x1020,0x1020,0x11FC,0x1020,0xFC20,0x1020,0x13FE,0x1000,0x1820,0x3020,0xD1FC,0x1020,0x1020,0x1020,0x53FE,0x2000}},
    {0x6307, {0x1100,0x1104,0x1138,0x11C0,0xFD02,0x1102,0x10FE,0x1400,0x19FC,0x3104,0xD104,0x11FC,0x1104,0x1104,0x51FC,0x2104}},
    {0x6309, {0x1040,0x1020,0x1020,0x13FE,0xFA02,0x1444,0x1040,0x1BFE,0x3088,0xD088,0x1108,0x10D0,0x1020,0x1050,0x5088,0x2304}},
    {0x6321, {0x1040,0x1244,0x1144,0x1144,0xFD48,0x1040,0x17FC,0x1004,0x1804,0x3004,0xD3FC,0x1004,0x1004,0x1004,0x57FC,0x2004}},
    {0x632F, {0x1000,0x13FC,0x1200,0x1200,0xFEF8,0x1200,0x1200,0x17FC,0x1AA0,0x32A4,0xD2A8,0x1290,0x1290,0x1488,0x54A4,0x28C2}},
    {0x6355, {0x1048,0x1044,0x17FE,0x1040,0xFC40,0x13FC,0x1244,0x1644,0x1BFC,0x3244,0xD244,0x13FC,0x1244,0x1244,0x5254,0x2208}},
    {0x635F, {0x1000,0x10F8,0x1088,0x1088,0xFCF8,0x1000,0x11FC,0x1504,0x1924,0x3124,0xD124,0x1124,0x1050,0x1048,0x5084,0x2304}},
    {0x6362, {0x1080,0x1080,0x10F8,0x1108,0xFA10,0x15FC,0x1124,0x1924,0x3124,0xD124,0x17FE,0x1050,0x1050,0x1088,0x5104,0x2602}},
    {0x636E, {0x1000,0x13FC,0x1204,0x1204,0xFBFC,0x1220,0x1620,0x1BFE,0x3220,0xD220,0x12FC,0x1284,0x1284,0x1484,0x54FC,0x2884}},
    {0x6377, {0x2040,0x2040,0x27FE,0x2040,0xFBF8,0x2048,0x27FE,0x2848,0x33F8,0xE040,0x2240,0x227C,0x2240,0x2540,0xA4FE,0x4800}},
    {0x6392, {0x1090,0x1090,0x1090,0x179E,0xF890,0x1090,0x1090,0x1B9C,0x3090,0xD090,0x1090,0x179E,0x1090,0x1090,0x5090,0x2090}},
    {0x63A5, {0x1080,0x1040,0x13FC,0x1000,0xFD08,0x1090,0x17FE,0x1040,0x1840,0x37FE,0xD088,0x1108,0x1090,0x1060,0x5198,0x2604}},
    {0x63A7, {0x1040,0x1020,0x1020,0x13FE,0xFA02,0x1494,0x1108,0x1A04,0x3000,0xD1FC,0x1020,0x1020,0x1020,0x1020,0x57FE,0x2000}},
    {0x63A8, {0x10A0,0x1090,0x1080,0x11FE,0xFD10,0x1310,0x15FC,0x1110,0x1910,0x31FC,0xD110,0x1110,0x1110,0x11FE,0x5100,0x2100}},
    {0x63D0, {0x1000,0x11FC,0x1104,0x1104,0xFDFC,0x1104,0x1104,0x15FC,0x1800,0x33FE,0xD020,0x1120,0x113C,0x1120,0x52A0,0x247E}},
    {0x63D2, {0x2008,0x203C,0x27C0,0x2040,0xF840,0x2FFE,0x2040,0x2940,0x365C,0xE444,0x2444,0x275C,0x2444,0x2444,0xA7FC,0x4404}},
    {0x63DB, {0x1080,0x1080,0x11F8,0x1208,0xFC10,0x13FE,0x1202,0x1A52,0x328A,0xD222,0x1020,0x17FE,0x1050,0x1088,0x5104,0x2602}},
    {0x640D, {0x1000,0x11F8,0x1108,0x1108,0xFDF8,0x1000,0x13FC,0x1604,0x1BFC,0x3204,0xD3FC,0x1204,0x13FC,0x1090,0x5108,0x2204}},
    {0x6446, {0x1000,0x13FE,0x1252,0x1252,0xFBFE,0x1020,0x1420,0x19FC,0x3020,0xD020,0x17FE,0x1040,0x1088,0x1104,0x53FE,0x2102}},
    {0x6469, {0x0080,0x3FFE,0x2410,0x3F7C,0x2638,0x2D54,0x3412,0x2038,0x27C0,0x2040,0x27F8,0x2040,0x2FFE,0x4040,0x4140,0x8080}},
    {0x6483, {0x1078,0xFE48,0x1048,0x7C86,0x5478,0x7C48,0x5430,0xFECE,0x1020,0x1FC0,0x0100,0x3FF8,0x0100,0x7FFC,0x0100,0x0300}},
    {0x6491, {0x1124,0x10A8,0x13FE,0x1202,0xFCF8,0x1088,0x10F8,0x140C,0x19F0,0x3020,0xD1FC,0x1020,0x13FE,0x1020,0x50A0,0x2040}},
    {0x6495, {0x2480,0x2482,0x249C,0x2FD0,0xF490,0x2790,0x249E,0x2794,0x3494,0xE494,0x2FD4,0x2014,0x2514,0x28A4,0xB024,0x4044}},
    {0x649E, {0x1020,0x11FC,0x1088,0x1050,0xFDFE,0x1000,0x11FC,0x1524,0x19FC,0x3124,0xD1FC,0x1020,0x11FC,0x1020,0x53FE,0x2000}},
    {0x64CE, {0x2420,0xFF20,0x247E,0x7EC4,0x8228,0x7A10,0x4A28,0x7AC6,0x0420,0x1FC0,0x0100,0x3FF8,0x0100,0x7FFC,0x0100,0x0300}},
    {0x652F, {0x0100,0x0100,0x0100,0x7FFC,0x0100,0x0100,0x0100,0x3FF0,0x1010,0x0820,0x0440,0x0280,0x0100,0x06C0,0x1830,0xE00E}},
    {0x6536, {0x0840,0x0840,0x4840,0x4880,0x48FE,0x4908,0x4A88,0x4888,0x4888,0x5850,0x6850,0x4820,0x0850,0x0888,0x0904,0x0A02}},
    {0x6539, {0x0040,0x0040,0xFC80,0x04FE,0x0508,0x0508,0x0688,0x7C88,0x4088,0x4050,0x4050,0x4420,0x5850,0x6088,0x4104,0x0202}},
    {0x653E, {0x2040,0x1040,0x0040,0xFE80,0x20FE,0x2108,0x3E88,0x2488,0x2488,0x2450,0x2450,0x2420,0x4450,0x5488,0x8904,0x0202}},
    {0x6548, {0x1020,0x0820,0x0020,0xFF3E,0x0044,0x2444,0x4244,0x81A4,0x2428,0x1428,0x0810,0x1410,0x2228,0x4248,0x8084,0x0102}},
    {0x654F, {0x4020,0x4020,0x7F20,0x803E,0x7E44,0x4244,0x5244,0x4AA4,0xFFA8,0x4228,0x9210,0x8A10,0xFF28,0x0248,0x1484,0x0902}},
    {0x6557, {0x0040,0x7C40,0x4480,0x44FE,0x7D08,0x4508,0x4688,0x7C88,0x4488,0x4450,0x7C50,0x0020,0x2850,0x2488,0x4504,0x8202}},
    {0x6563, {0x2420,0x2420,0x7E20,0x243E,0x2444,0xFF44,0x0044,0x7EA4,0x4228,0x7E28,0x4210,0x7E10,0x4228,0x4228,0x4A44,0x4482}},
    {0x656C, {0x2220,0x2220,0xFFA0,0x223E,0x4044,0x7F44,0x4144,0x81A4,0x7D28,0x4528,0x4510,0x7D10,0x4528,0x0128,0x0A44,0x0482}},
    {0x6570, {0x0820,0x4920,0x2A20,0x083E,0xFF44,0x2A44,0x4944,0x88A4,0x1028,0xFE28,0x2210,0x4210,0x6428,0x1828,0x3444,0xC282}},
    {0x6574, {0x0820,0x0820,0xFFBE,0x0844,0x7FA4,0x4924,0x7F28,0x2A10,0x4928,0x8846,0x0000,0x7FFC,0x0100,0x11F8,0x1100,0xFFFE}},
    {0x6587, {0x0200,0x0100,0x0100,0xFFFE,0x1010,0x1010,0x0820,0x0820,0x0440,0x0280,0x0100,0x0280,0x0440,0x0820,0x3018,0xC006}},
    {0x6599, {0x0808,0x0888,0x4A48,0x2A48,0x2C08,0x0888,0xFE48,0x1848,0x1C08,0x2A0E,0x2AF8,0x4808,0x8808,0x0808,0x0808,0x0808}},
    {0x659C, {0x0808,0x0848,0x1428,0x2228,0x4108,0xBE48,0x0828,0x0828,0x7F0E,0x0878,0x2A08,0x2908,0x4908,0x8808,0x2808,0x1008}},
    {0x65B0, {0x1000,0x0804,0x7F78,0x0040,0x2240,0x1440,0xFF7E,0x0848,0x0848,0x7F48,0x0848,0x2A48,0x4948,0x8888,0x2888,0x1108}},
    {0x65B9, {0x0200,0x0100,0x0100,0xFFFE,0x0400,0x0400,0x0400,0x07F0,0x0410,0x0410,0x0410,0x0810,0x0810,0x1010,0x20A0,0x4040}},
    {0x65E0, {0x0000,0x3FF0,0x0200,0x0200,0x0200,0x0200,0x7FFC,0x0480,0x0480,0x0480,0x0880,0x0880,0x1084,0x2084,0x407C,0x8000}},
    {0x65E2, {0x0000,0x7DFC,0x4420,0x4420,0x7D20,0x4520,0x45FE,0x7C20,0x4020,0x4830,0x4450,0x4A50,0x5292,0x6092,0x410E,0x0200}},
    {0x65E5, {0x0000,0x1FF0,0x1010,0x1010,0x1010,0x1010,0x1010,0x1FF0,0x1010,0x1010,0x1010,0x1010,0x1010,0x1010,0x1FF0,0x1010}},
    {0x65E9, {0x0000,0x1FF0,0x1010,0x1010,0x1FF0,0x1010,0x1010,0x1FF0,0x0100,0x0100,0xFFFE,0x0100,0x0100,0x0100,0x0100,0x0100}},
    {0x65F6, {0x0008,0x0008,0x7C08,0x4408,0x45FE,0x4408,0x4408,0x7C08,0x4488,0x4448,0x4448,0x4408,0x7C08,0x4408,0x0028,0x0010}},
    {0x660E, {0x0000,0x00FC,0x7C84,0x4484,0x4484,0x44FC,0x7C84,0x4484,0x4484,0x44FC,0x7C84,0x4484,0x0104,0x0104,0x0214,0x0408}},
    {0x6613, {0x0FF0,0x0810,0x0810,0x0FF0,0x0810,0x0810,0x0FF0,0x0400,0x0800,0x1FFC,0x2244,0x4244,0x0484,0x0884,0x1128,0x0210}},
    {0x662F, {0x1FF0,0x1010,0x1010,0x1FF0,0x1010,0x1010,0x1FF0,0x0000,0xFFFE,0x0100,0x1100,0x11F8,0x1100,0x2900,0x4500,0x83FE}},
    {0x663E, {0x0000,0x1FF0,0x1010,0x1010,0x1FF0,0x1010,0x1010,0x1FF0,0x0440,0x4444,0x2444,0x1448,0x1450,0x0440,0xFFFE,0x0000}},
    {0x6642, {0x0020,0x0020,0x7C20,0x45FC,0x4420,0x4420,0x47FE,0x7C08,0x4408,0x45FE,0x4408,0x4488,0x7C48,0x4408,0x0028,0x0010}},
    {0x665A, {0x0080,0x0080,0x79F8,0x4A08,0x4C10,0x4BFC,0x4A44,0x7A44,0x4A44,0x4BFC,0x48A0,0x48A0,0x7922,0x4922,0x021E,0x0400}},
    {0x6676, {0x0FE0,0x0820,0x0820,0x0FE0,0x0820,0x0820,0x0FE0,0x0000,0x7EFC,0x4284,0x4284,0x7EFC,0x4284,0x4284,0x7EFC,0x4284}},
    {0x66F2, {0x0440,0x0440,0x0440,0x0440,0x7FFC,0x4444,0x4444,0x4444,0x4444,0x7FFC,0x4444,0x4444,0x4444,0x4444,0x7FFC,0x4004}},
    {0x66F4, {0x0000,0xFFFE,0x0100,0x0100,0x3FF8,0x2108,0x2108,0x3FF8,0x2108,0x2108,0x3FF8,0x1100,0x0A00,0x0600,0x19C0,0xE03E}},
    {0x66F8, {0x0100,0x3FF0,0x0110,0xFFFE,0x0110,0x3FF0,0x0100,0x3FF8,0x0100,0xFFFE,0x0000,0x1FF0,0x1010,0x1FF0,0x1010,0x1FF0}},
    {0x66FF, {0x0820,0x0820,0x7EFC,0x0820,0xFEFE,0x1450,0x2288,0x4106,0x9FF0,0x1010,0x1010,0x1FF0,0x1010,0x1010,0x1FF0,0x1010}},
    {0x6700, {0x1FF0,0x1010,0x1FF0,0x1010,0x1FF0,0x0000,0xFFFE,0x2200,0x3EF8,0x2288,0x3E90,0x2250,0x2F20,0xF250,0x4288,0x0306}},
    {0x6709, {0x0200,0x0200,0xFFFE,0x0400,0x0400,0x0FF0,0x0810,0x1810,0x2FF0,0x4810,0x8810,0x0FF0,0x0810,0x0810,0x0850,0x0820}},
    {0x671F, {0x2200,0x227C,0x7F44,0x2244,0x2244,0x3E7C,0x2244,0x2244,0x3E44,0x227C,0x2244,0xFF44,0x0484,0x2284,0x4114,0x8208}},
    {0x6728, {0x0100,0x0100,0x0100,0x0100,0x7FFC,0x0380,0x0540,0x0540,0x0920,0x1110,0x2108,0x4104,0x8102,0x0100,0x0100,0x0100}},
    {0x672A, {0x0100,0x0100,0x0100,0x3FF8,0x0100,0x0100,0x0100,0xFFFE,0x0380,0x0540,0x0920,0x1110,0x2108,0xC106,0x0100,0x0100}},
    {0x672B, {0x0100,0x0100,0x0100,0xFFFE,0x0100,0x0100,0x0100,0x7FFC,0x0380,0x0540,0x0920,0x1110,0x2108,0xC106,0x0100,0x0100}},
    {0x672C, {0x0100,0x0100,0x0100,0x0100,0x7FFC,0x0380,0x0540,0x0540,0x0920,0x1110,0x2108,0x4FE4,0x8102,0x0100,0x0100,0x0100}},
    {0x673A, {0x1000,0x11F0,0x1110,0x1110,0xFD10,0x1110,0x3110,0x3910,0x5510,0x5510,0x9110,0x1112,0x1112,0x1212,0x120E,0x1400}},
    {0x6742, {0x0200,0x0200,0x3FE0,0x0420,0x0422,0x0822,0x111E,0x6100,0x0100,0xFFFE,0x0100,0x0920,0x1110,0x2108,0x4504,0x0200}},
    {0x6746, {0x1000,0x11FC,0x1020,0x1020,0xFC20,0x1020,0x3020,0x3BFE,0x5420,0x5420,0x9020,0x1020,0x1020,0x1020,0x1020,0x1020}},
    {0x6750, {0x0808,0x0808,0x0808,0x0808,0xFEFE,0x0808,0x1818,0x1C18,0x2A28,0x2A28,0x4848,0x8888,0x0808,0x0808,0x0828,0x0810}},
    {0x675F, {0x0100,0x0100,0xFFFE,0x0100,0x0100,0x3FF8,0x2108,0x2108,0x2108,0x3FF8,0x2388,0x0540,0x0920,0x3118,0xC106,0x0100}},
    {0x6760, {0x1000,0x1000,0x11FC,0x1020,0xFC20,0x1020,0x3020,0x3820,0x5420,0x5420,0x9020,0x1020,0x1020,0x1020,0x13FE,0x1000}},
    {0x6761, {0x0400,0x0400,0x0FF0,0x1820,0x6440,0x0380,0x1D70,0xE10E,0x0100,0x7FFC,0x0100,0x0920,0x1110,0x2108,0x4504,0x0200}},
    {0x6765, {0x0100,0x0100,0x0100,0x7FFC,0x0100,0x1110,0x0910,0x0920,0xFFFE,0x0380,0x0540,0x0920,0x3118,0xC106,0x0100,0x0100}},
    {0x677E, {0x1010,0x1090,0x1090,0x1088,0xFC88,0x1124,0x3124,0x3A22,0x5440,0x5440,0x9088,0x1084,0x1104,0x13FE,0x1102,0x1000}},
    {0x677F, {0x1008,0x101C,0x11E0,0x1100,0xFD00,0x11FC,0x3144,0x3944,0x5544,0x5528,0x9128,0x1110,0x1110,0x1228,0x1244,0x1482}},
    {0x6781, {0x1000,0x13FC,0x1084,0x1088,0xFC88,0x1090,0x309C,0x3884,0x5544,0x5544,0x9128,0x1128,0x1210,0x1228,0x1444,0x1182}},
    {0x679C, {0x0000,0x1FF0,0x1110,0x1110,0x1FF0,0x1110,0x1110,0x1FF0,0x1110,0x0100,0xFFFE,0x0540,0x0920,0x3118,0xC106,0x0100}},
    {0x67C4, {0x1000,0x13FE,0x1020,0x1020,0xFC20,0x13FE,0x3222,0x3A22,0x5652,0x524A,0x928A,0x1302,0x1202,0x1202,0x120A,0x1204}},
    {0x67E0, {0x2040,0x2020,0x2020,0x23FE,0xFA02,0x2404,0x2000,0x7000,0x6BFE,0xA020,0xA020,0x2020,0x2020,0x2020,0x20A0,0x2040}},
    {0x67F1, {0x1040,0x1020,0x1000,0x13FE,0xFC20,0x1020,0x3020,0x3820,0x55FC,0x5420,0x9020,0x1020,0x1020,0x1020,0x13FE,0x1000}},
    {0x6807, {0x1000,0x11FC,0x1000,0x1000,0xFC00,0x13FE,0x3020,0x3820,0x5528,0x5524,0x9224,0x1222,0x1422,0x1020,0x10A0,0x1040}},
    {0x680F, {0x1000,0x1108,0x1088,0x1090,0xFC00,0x13FE,0x3000,0x3800,0x5400,0x55FC,0x9000,0x1000,0x1000,0x1000,0x13FE,0x1000}},
    {0x6811, {0x2004,0x2004,0x2784,0x2084,0xF8BE,0x2484,0x2284,0x72A4,0x6914,0xA114,0xA284,0x2284,0x2484,0x2804,0x2014,0x2008}},
    {0x6813, {0x1020,0x1020,0x1050,0x1088,0xFD04,0x1202,0x31FC,0x3820,0x5420,0x5020,0x91FC,0x1020,0x1020,0x1020,0x13FE,0x1000}},
    {0x6821, {0x1040,0x1020,0x1020,0x11FE,0xFC00,0x1088,0x3104,0x3A02,0x5488,0x5088,0x9050,0x1050,0x1020,0x1050,0x1088,0x1306}},
    {0x683C, {0x1080,0x1080,0x10F8,0x1108,0xFB10,0x14A0,0x3040,0x38A0,0x5518,0x5206,0x95F8,0x1108,0x1108,0x1108,0x11F8,0x1108}},
    {0x6848, {0x0100,0x7FFC,0x4004,0x0400,0xFFFE,0x0820,0x1E40,0x03C0,0x3C38,0x0100,0xFFFE,0x0540,0x0920,0x3118,0xC106,0x0100}},
    {0x6863, {0x1020,0x1124,0x10A4,0x10A4,0xFCA8,0x1020,0x33FC,0x3804,0x5404,0x5004,0x91FC,0x1004,0x1004,0x1004,0x13FC,0x1004}},
    {0x6865, {0x2010,0x2078,0x23C0,0x2040,0xF840,0x27FE,0x20A0,0x7110,0x6A08,0xA516,0xA110,0x2110,0x2110,0x2210,0x2210,0x2410}},
    {0x68B0, {0x1010,0x1014,0x1012,0x1010,0xFBFE,0x1010,0x3150,0x3954,0x57F4,0x5154,0x9154,0x1148,0x124A,0x125A,0x1426,0x1042}},
    {0x6905, {0x2040,0x2040,0x23FC,0x20A0,0xF910,0x2208,0x27FE,0x7008,0x6BC8,0xA248,0xA248,0x2248,0x23C8,0x2008,0x2028,0x2010}},
    {0x691C, {0x1020,0x1020,0x1050,0x1088,0xFD04,0x12FA,0x3020,0x3820,0x55FC,0x5524,0x9124,0x11FC,0x1050,0x1088,0x1104,0x1202}},
    {0x696D, {0x0440,0x2448,0x1450,0xFFFE,0x0820,0x0440,0x7FFC,0x0100,0x3FF8,0x0100,0xFFFE,0x0540,0x0920,0x3118,0xC106,0x0100}},
    {0x69FD, {0x1090,0x1090,0x17FE,0x1090,0xFBFC,0x1294,0x33FC,0x3A94,0x57FC,0x5000,0x91F8,0x1108,0x11F8,0x1108,0x11F8,0x1108}},
    {0x6A19, {0x1000,0x13FE,0x1050,0x11FC,0xFD54,0x1154,0x31FC,0x3800,0x55FC,0x5400,0x93FE,0x1020,0x10A8,0x1124,0x12A2,0x1040}},
    {0x6A21, {0x1110,0x1110,0x17FC,0x1110,0xFC00,0x13F8,0x3208,0x3BF8,0x5608,0x53F8,0x9040,0x17FC,0x10A0,0x1110,0x1208,0x1406}},
    {0x6A2A, {0x1110,0x1110,0x13FC,0xFD10,0x1110,0x17FE,0x3040,0x3BF8,0x5648,0x53F8,0x9248,0x13F8,0x1000,0x1110,0x1208,0x1404}},
    {0x6A4B, {0x1018,0x11E0,0x1040,0x13FE,0xFC88,0x1174,0x3252,0x3870,0x5400,0x55FC,0x9104,0x1174,0x1154,0x1174,0x1104,0x110C}},
    {0x6A59, {0x1020,0x17A4,0x10A8,0x1292,0xF914,0x1208,0x35F4,0x3802,0x57F8,0x5208,0x9208,0x13F8,0x1208,0x1110,0x1FFE,0x1000}},
    {0x6A5F, {0x1124,0x1124,0x12AA,0x13AE,0xF924,0x12AA,0x33AE,0x3924,0x57FE,0x5110,0x9114,0x1114,0x128A,0x124A,0x1216,0x1422}},
    {0x6B21, {0x0080,0x4080,0x2080,0x20FC,0x0104,0x0908,0x0A40,0x1440,0x1040,0xE0A0,0x20A0,0x2110,0x2110,0x2208,0x2404,0x0802}},
    {0x6B22, {0x0080,0x0080,0xFC80,0x04FC,0x0504,0x4908,0x2A40,0x1440,0x1040,0x28A0,0x24A0,0x4510,0x8110,0x0208,0x0404,0x0802}},
    {0x6B3E, {0x0820,0x0820,0xFF20,0x087E,0x0842,0x7E84,0x0010,0x7E10,0x0010,0xFF10,0x0828,0x4A28,0x4948,0x8944,0x2884,0x1102}},
    {0x6B63, {0x0000,0x7FFC,0x0100,0x0100,0x0100,0x0100,0x1100,0x11F8,0x1100,0x1100,0x1100,0x1100,0x1100,0x1100,0xFFFE,0x0000}},
    {0x6B64, {0x0440,0x0440,0x0440,0x2444,0x2448,0x2750,0x2460,0x2440,0x2440,0x2440,0x2440,0x2442,0x2F42,0xF042,0x403E,0x0000}},
    {0x6B65, {0x0100,0x0100,0x11F8,0x1100,0x1100,0x1100,0xFFFE,0x0100,0x0100,0x1108,0x1110,0x2120,0x40C0,0x0300,0x1C00,0xE000}},
    {0x6B67, {0x0820,0x0820,0x0820,0x0BFE,0x4820,0x4E20,0x4820,0x49FC,0x4884,0x4888,0x4848,0x4E50,0x5820,0xE050,0x0188,0x0606}},
    {0x6B7B, {0x0000,0xFFFC,0x1080,0x1080,0x1084,0x1E88,0x2290,0x22A0,0x52C0,0x8C80,0x0480,0x0884,0x0884,0x1084,0x207C,0x4000}},
    {0x6B8B, {0x0050,0x0048,0xFC40,0x205C,0x21E0,0x3C40,0x445E,0x47E0,0x6444,0x9448,0x0830,0x0822,0x1052,0x208A,0x4306,0x8002}},
    {0x6BB5, {0x0600,0x38F8,0x2088,0x2088,0x2088,0x3C86,0x2100,0x2000,0x3DFC,0x2084,0x2088,0x2C50,0xF020,0x2050,0x2088,0x2306}},
    {0x6BC2, {0x1000,0xFE78,0x1048,0x7C48,0x0048,0xFE86,0x8200,0x10FC,0x7C44,0x2044,0x5028,0x7C28,0x1010,0xFE28,0x1044,0x1182}},
    {0x6BCE, {0x1000,0x1FFC,0x2000,0x2000,0x5FF0,0x9110,0x1110,0x1110,0xFFFE,0x2210,0x2210,0x2210,0x3FFC,0x0010,0x00A0,0x0040}},
    {0x6BCF, {0x1000,0x1FFC,0x2000,0x2000,0x5FF0,0x9010,0x1210,0x1110,0xFFFE,0x2010,0x2210,0x2110,0x3FFC,0x0010,0x00A0,0x0040}},
    {0x6BD4, {0x0080,0x2080,0x2080,0x2084,0x2088,0x2090,0x3EA0,0x20C0,0x2080,0x2080,0x2080,0x2082,0x2682,0x3882,0x207E,0x0000}},
    {0x6C14, {0x1000,0x1000,0x3FFC,0x2000,0x4FF0,0x8000,0x3FF0,0x0010,0x0010,0x0010,0x0010,0x0010,0x000A,0x000A,0x0006,0x0002}},
    {0x6C17, {0x1000,0x1000,0x3FFC,0x2000,0x4FF0,0x8000,0x3FF0,0x0010,0x0090,0x3090,0x0D10,0x0210,0x050A,0x188A,0x6046,0x0002}},
    {0x6C27, {0x2000,0x3FFC,0x4000,0x9FF0,0x0000,0x7FF0,0x1110,0x0A10,0x7FD0,0x0410,0x3F90,0x0412,0xFFEA,0x040A,0x0406,0x0402}},
    {0x6C2E, {0x2000,0x3FFC,0x4000,0x9FF0,0x0000,0x7FF0,0x0410,0x2490,0x0B10,0x1090,0x6050,0x0412,0x248A,0x0B0A,0x1086,0x6042}},
    {0x6C34, {0x0100,0x0100,0x0100,0x0108,0x0108,0x7D90,0x05A0,0x0940,0x0940,0x1120,0x1110,0x2108,0x4106,0x8100,0x0500,0x0200}},
    {0x6C37, {0x0100,0x0100,0x1100,0x0908,0x0908,0x0190,0x7DA0,0x0540,0x0940,0x0920,0x1110,0x2108,0xC106,0x0100,0x0500,0x0200}},
    {0x6C60, {0x0040,0x2040,0x1240,0x1258,0x8268,0x42C8,0x5348,0x1E48,0x1248,0x2248,0xE258,0x2242,0x2202,0x2202,0x21FE,0x0000}},
    {0x6C70, {0x0040,0x2040,0x1040,0x1040,0x87FE,0x4040,0x4840,0x08A0,0x10A0,0x10A0,0xE110,0x2110,0x2288,0x2248,0x2444,0x0802}},
    {0x6C7A, {0x0080,0x2080,0x1080,0x17F8,0x8088,0x4088,0x4888,0x0888,0x17FE,0x1080,0xE140,0x2140,0x2220,0x2410,0x2808,0x1006}},
    {0x6C89, {0x0000,0x2000,0x13FE,0x1202,0x8404,0x4000,0x41F0,0x1110,0x1110,0x2110,0xE110,0x2112,0x2212,0x2212,0x240E,0x0800}},
    {0x6CA1, {0x0000,0x21F0,0x1110,0x1110,0x8110,0x4210,0x540E,0x1800,0x13F8,0x2208,0xE108,0x2110,0x20A0,0x2040,0x21B0,0x0E0E}},
    {0x6CB9, {0x0040,0x2040,0x1040,0x1040,0x87FC,0x4444,0x4444,0x1444,0x1444,0x27FC,0xE444,0x2444,0x2444,0x2444,0x27FC,0x0404}},
    {0x6CD5, {0x0040,0x2040,0x1040,0x1040,0x87FC,0x4040,0x4040,0x1040,0x1FFE,0x2040,0xE080,0x2100,0x2210,0x2408,0x2FFC,0x0404}},
    {0x6CE8, {0x0080,0x2040,0x1000,0x17FC,0x8040,0x4040,0x4040,0x1040,0x13FC,0x2040,0xE040,0x2040,0x2040,0x2040,0x2FFE,0x0000}},
    {0x6CF5, {0x0000,0xFFFE,0x0400,0x0800,0x1FF0,0x2810,0xC810,0x0FF0,0x0100,0x0104,0x7D88,0x0950,0x1120,0x2118,0xC506,0x0200}},
    {0x6D3B, {0x0010,0x2078,0x13C0,0x1040,0x8040,0x47FE,0x4040,0x1040,0x1040,0x23F8,0xE208,0x2208,0x2208,0x2208,0x23F8,0x0208}},
    {0x6D41, {0x0080,0x2040,0x17FE,0x1080,0x8110,0x4208,0x47FC,0x1004,0x1000,0x2248,0xE248,0x2248,0x2248,0x224A,0x244A,0x0846}},
    {0x6D4B, {0x0004,0x27C4,0x1444,0x1454,0x8554,0x4554,0x4554,0x1554,0x1554,0x2554,0xE554,0x2104,0x2284,0x2244,0x2414,0x0808}},
    {0x6D4E, {0x0080,0x2040,0x17FE,0x1208,0x8110,0x40A0,0x4040,0x11B0,0x160E,0x2110,0xE110,0x2110,0x2110,0x2210,0x2210,0x0410}},
    {0x6D6E, {0x0008,0x203C,0x13C0,0x1004,0x8244,0x4128,0x4800,0x0BF8,0x1010,0x1020,0xE7FE,0x2020,0x2020,0x2020,0x20A0,0x0040}},
    {0x6D77, {0x0100,0x2100,0x11FC,0x1200,0x85F8,0x4108,0x4948,0x0928,0x17FE,0x1108,0xE248,0x2228,0x23FC,0x2008,0x2050,0x0020}},
    {0x6D82, {0x0040,0x2040,0x10A0,0x1110,0x8208,0x45F6,0x4040,0x1040,0x17FC,0x2040,0xE250,0x2248,0x2444,0x2844,0x2140,0x0080}},
    {0x6D88, {0x0040,0x2248,0x1148,0x1150,0x8040,0x43F8,0x4A08,0x0A08,0x13F8,0x1208,0xE208,0x23F8,0x2208,0x2208,0x2228,0x0210}},
    {0x6DA1, {0x0000,0x23F8,0x1208,0x1208,0x8208,0x43F8,0x4040,0x1040,0x17FC,0x2444,0xE4A4,0x2514,0x2614,0x2404,0x2414,0x0408}},
    {0x6DAF, {0x0000,0x27FE,0x1420,0x1420,0x85FC,0x4420,0x4420,0x17FE,0x1400,0x2420,0xE420,0x25FC,0x2420,0x2820,0x2BFE,0x1000}},
    {0x6DD8, {0x0100,0x2100,0x11FC,0x1204,0x8504,0x41E4,0x4284,0x1084,0x17F4,0x2084,0xE2A4,0x22A4,0x23E4,0x2004,0x2028,0x0010}},
    {0x6DF7, {0x0000,0x27FC,0x1404,0x1404,0x87FC,0x4404,0x4404,0x17FC,0x1000,0x2420,0xE422,0x27AC,0x2430,0x2422,0x25A2,0x061E}},
    {0x6DFB, {0x0000,0x23FC,0x1040,0x1040,0x87FE,0x40A0,0x4110,0x1208,0x1446,0x2040,0xE048,0x2264,0x2252,0x2452,0x2140,0x0080}},
    {0x6E05, {0x0040,0x2040,0x17FC,0x1040,0x83F8,0x4040,0x47FE,0x1000,0x13F8,0x2208,0xE3F8,0x2208,0x23F8,0x2208,0x2228,0x0210}},
    {0x6E08, {0x0040,0x2020,0x17FE,0x1108,0x8090,0x4060,0x4198,0x1606,0x1108,0x21F8,0xE108,0x21F8,0x2108,0x2108,0x2208,0x0408}},
    {0x6E1B, {0x0014,0x2012,0x1010,0x17FE,0x8410,0x4410,0x45D0,0x1412,0x1412,0x25D4,0xE554,0x2548,0x25DA,0x242A,0x2846,0x1082}},
    {0x6E29, {0x0000,0x23F8,0x1208,0x1208,0x83F8,0x4208,0x4208,0x13F8,0x1000,0x27FC,0xE4A4,0x24A4,0x24A4,0x24A4,0x2FFE,0x0000}},
    {0x6E2F, {0x0110,0x2110,0x17FC,0x1110,0x8110,0x4FFE,0x4110,0x1208,0x17F4,0x2A12,0xE210,0x23F0,0x2204,0x2204,0x21FC,0x0000}},
    {0x6E38, {0x0210,0x2110,0x1110,0x17BE,0x8220,0x4240,0x43BC,0x1284,0x1288,0x2288,0xE2BE,0x2288,0x2488,0x2488,0x29A8,0x1010}},
    {0x6E7F, {0x0000,0x27F8,0x1408,0x1408,0x87F8,0x4408,0x4408,0x17F8,0x1120,0x2120,0xE924,0x2528,0x2330,0x2120,0x2FFE,0x0000}},
    {0x6E80, {0x0110,0x4110,0x2FFE,0x2110,0x0000,0x87FC,0x4040,0x5040,0x17FC,0x2444,0xE554,0x2554,0x25F4,0x2404,0x2414,0x0408}},
    {0x6E96, {0x2140,0x1120,0x83FC,0x5240,0x17F8,0x2A40,0xE3F8,0x2240,0x23FC,0x2200,0x0100,0xFFFE,0x0100,0x0100,0x0100,0x0100}},
    {0x6EB6, {0x0040,0x2020,0x13FE,0x1202,0x8494,0x4108,0x4A64,0x0890,0x1108,0x1204,0xE5FA,0x2108,0x2108,0x2108,0x21F8,0x0108}},
    {0x6ED1, {0x0000,0x23F8,0x1208,0x13C8,0x8248,0x4FFE,0x4802,0x13F8,0x1208,0x23F8,0xE208,0x23F8,0x2208,0x2208,0x2228,0x0210}},
    {0x6EDA, {0x0080,0x2040,0x17FC,0x1110,0x8248,0x4484,0x4120,0x13F0,0x1010,0x2088,0xE150,0x2320,0x2510,0x2948,0x2186,0x0100}},
    {0x6EE1, {0x0108,0x2108,0x17FE,0x1108,0x8000,0x47FE,0x4090,0x1090,0x17FE,0x2492,0xE492,0x256A,0x2646,0x2402,0x240A,0x0404}},
    {0x6EE4, {0x0040,0x207C,0x1040,0x17FE,0x8442,0x4470,0x47C4,0x1444,0x143C,0x2420,0xE410,0x2454,0x2542,0x2942,0x294A,0x1238}},
    {0x6EE8, {0x0080,0x2040,0x17FE,0x1402,0x8814,0x43E0,0x4A00,0x0A00,0x13FC,0x1210,0xE210,0x2FFE,0x2000,0x2110,0x2208,0x0404}},
    {0x6F02, {0x0000,0x4FFE,0x20A0,0x27FC,0x04A4,0x84A4,0x47FC,0x5000,0x17FC,0x2000,0xEFFE,0x2040,0x2248,0x2444,0x2942,0x0080}},
    {0x6F06, {0x0040,0x2040,0x17FC,0x10E0,0x8158,0x4644,0x40A0,0x1110,0x1248,0x2C46,0xE248,0x2150,0x2248,0x2444,0x2140,0x0080}},
    {0x706B, {0x0100,0x0100,0x0100,0x1108,0x1108,0x1110,0x2120,0x2100,0x4280,0x0280,0x0440,0x0440,0x0820,0x1010,0x2008,0xC006}},
    {0x706D, {0x0000,0xFFFE,0x0100,0x0100,0x1108,0x1108,0x1110,0x2120,0x4280,0x0280,0x0440,0x0440,0x0820,0x1010,0x2008,0xC006}},
    {0x706F, {0x1000,0x1000,0x13FE,0x1020,0x5420,0x5820,0x5020,0x9020,0x1020,0x1020,0x1020,0x2820,0x2420,0x4420,0x40A0,0x8040}},
    {0x7070, {0x0400,0x0400,0x0400,0xFFFE,0x0400,0x0840,0x0840,0x0848,0x1248,0x1250,0x2440,0x20A0,0x40A0,0x8110,0x0208,0x0C06}},
    {0x7075, {0x0000,0x3FF8,0x0008,0x0008,0x1FF8,0x0008,0x0008,0x3FF8,0x0100,0x1110,0x1110,0x22A0,0x0440,0x0820,0x3018,0xC006}},
    {0x70AD, {0x0100,0x2108,0x2108,0x3FF8,0x0800,0x0800,0xFFFE,0x1080,0x1088,0x1488,0x2490,0x2940,0x4140,0x8220,0x0C18,0x3006}},
    {0x70B9, {0x0200,0x0200,0x0200,0x03FC,0x0200,0x0200,0x3FF0,0x2010,0x2010,0x2010,0x3FF0,0x0000,0x2488,0x2244,0x4244,0x8004}},
    {0x70ED, {0x1040,0x1040,0x1040,0xFDF8,0x1048,0x1048,0x1CC8,0x3048,0xD0AA,0x10AA,0x5106,0x2202,0x0000,0x4888,0x4444,0x8444}},
    {0x70F7, {0x1040,0x1020,0x13FE,0x1602,0x5C04,0x51F8,0x5000,0x9000,0x13FE,0x1090,0x1090,0x2890,0x2512,0x4112,0x420E,0x8400}},
    {0x710A, {0x1000,0x11FC,0x1104,0x11FC,0x5504,0x59FC,0x5000,0x9000,0x11FC,0x1020,0x1020,0x2BFE,0x2420,0x4420,0x4020,0x8020}},
    {0x7121, {0x1000,0x1000,0x1FFC,0x2AA0,0x4AA0,0x0AA0,0x7FFC,0x0AA0,0x0AA0,0x0AA0,0x7FFC,0x0000,0x2488,0x2244,0x4244,0x8004}},
    {0x7184, {0x1020,0x1040,0x11FC,0x1504,0x59FC,0x5104,0x51FC,0x9104,0x11FC,0x1040,0x1020,0x28A4,0x268A,0x428A,0x4478,0x8000}},
    {0x71B1, {0x1040,0x1040,0x7C40,0x10F8,0xFE48,0x4448,0x92C8,0x7C48,0x10AA,0x1CAA,0xE106,0x4202,0x0000,0x4888,0x4444,0x8444}},
    {0x71C3, {0x1110,0x1114,0x11D2,0x1650,0x5A7E,0x5550,0x5090,0x92A8,0x1128,0x1144,0x1244,0x2C82,0x2408,0x42A4,0x4252,0x8452}},
    {0x7206, {0x11FC,0x1104,0x11FC,0x1504,0x59FC,0x5088,0x53FE,0x9088,0x17FE,0x1088,0x1124,0x2AAA,0x2470,0x40A8,0x4124,0x8060}},
    {0x722C, {0x0E00,0x7400,0x55FC,0x5524,0x5524,0x5524,0x55FC,0x5500,0x5500,0x5502,0x5502,0x52FE,0x5200,0x5100,0x90FE,0x1000}},
    {0x7247, {0x0040,0x1040,0x1040,0x1040,0x1040,0x1FFC,0x1000,0x1000,0x1000,0x1FE0,0x1020,0x1020,0x1020,0x2020,0x2020,0x4020}},
    {0x724C, {0x0840,0x4880,0x49FC,0x4924,0x4924,0x7DFC,0x4124,0x4144,0x79FC,0x4890,0x4910,0x4BFE,0x4810,0x4810,0x4810,0x8810}},
    {0x7269, {0x1080,0x1080,0x5080,0x50FC,0x7D54,0x5254,0x9054,0x1094,0x1C94,0xF124,0x5224,0x1044,0x1044,0x1084,0x1128,0x1010}},
    {0x7275, {0x0100,0x0100,0x3FF8,0x0280,0x0440,0x0820,0x7FFE,0x4102,0x8904,0x0FF0,0x1100,0x0100,0x7FFC,0x0100,0x0100,0x0100}},
    {0x727D, {0x0100,0x7FFC,0x0820,0x1FC0,0x0200,0x7FFE,0x4822,0x9FF4,0x0110,0x1100,0x1FF8,0x2100,0x0100,0xFFFE,0x0100,0x0100}},
    {0x72AF, {0x0000,0x4400,0x29F8,0x1108,0x2908,0x4908,0x8908,0x0908,0x1928,0x2910,0x4900,0x8902,0x0902,0x0902,0x50FE,0x2000}},
    {0x72B6, {0x0840,0x0848,0x0844,0x4844,0x2840,0x2FFE,0x0840,0x0840,0x1840,0x28A0,0xC8A0,0x0890,0x0910,0x0908,0x0A04,0x0C02}},
    {0x72EC, {0x0020,0x4420,0x2820,0x11FC,0x2924,0x4924,0x8924,0x0924,0x19FC,0x2924,0x4820,0x8828,0x0824,0x0BFE,0x5102,0x2000}},
    {0x72FC, {0x0040,0x4420,0x29FC,0x1104,0x2904,0x49FC,0x8904,0x0904,0x19FC,0x2920,0x4922,0x8914,0x0908,0x0944,0x5182,0x2100}},
    {0x7372, {0x0088,0x47FE,0x28A8,0x1090,0x29FE,0x4B20,0x89FC,0x0920,0x19FC,0x2920,0x49FE,0x8900,0x0BFC,0x0888,0x5070,0x238E}},
    {0x7387, {0x0200,0x0100,0x7FFC,0x0200,0x4444,0x2F88,0x1110,0x2248,0x4FE4,0x0020,0x0100,0xFFFE,0x0100,0x0100,0x0100,0x0100}},
    {0x738B, {0x0000,0x7FFC,0x0100,0x0100,0x0100,0x0100,0x0100,0x3FF8,0x0100,0x0100,0x0100,0x0100,0x0100,0x0100,0xFFFE,0x0000}},
    {0x73A9, {0x0000,0x0000,0xFDFC,0x1000,0x1000,0x1000,0x13FE,0x7C90,0x1090,0x1090,0x1090,0x1090,0x1D12,0xE112,0x420E,0x0400}},
    {0x73AF, {0x0000,0x0000,0xFDFE,0x1010,0x1010,0x1020,0x1020,0x7C68,0x10A4,0x1122,0x1222,0x1020,0x1C20,0xE020,0x4020,0x0020}},
    {0x73B0, {0x0000,0x01FC,0xFD04,0x1104,0x1124,0x1124,0x1124,0x7D24,0x1124,0x1154,0x1050,0x1090,0x1C90,0xE112,0x4212,0x040E}},
    {0x73BB, {0x0020,0x0020,0xF820,0x23FE,0x2222,0x2224,0x2220,0xFBFC,0x2284,0x2288,0x2248,0x3A50,0xE220,0x4450,0x0488,0x0906}},
    {0x73CD, {0x0020,0x0020,0xFC50,0x1088,0x1104,0x1212,0x7C20,0x1040,0x1188,0x1010,0x1020,0x1C44,0xE188,0x4010,0x0060,0x0380}},
    {0x73E0, {0x0020,0x0120,0xFD20,0x11FC,0x1120,0x1220,0x7C20,0x13FE,0x1070,0x10A8,0x10A8,0x1D24,0xE124,0x4222,0x0020,0x0020}},
    {0x73FE, {0x0000,0x01FC,0xFD04,0x1104,0x11FC,0x1104,0x1104,0x7DFC,0x1104,0x1104,0x11FC,0x1050,0x1C90,0xE092,0x4112,0x020E}},
    {0x7406, {0x0000,0x01FC,0xFD24,0x1124,0x11FC,0x1124,0x1124,0x7DFC,0x1020,0x1020,0x11FC,0x1020,0x1C20,0xE020,0x43FE,0x0000}},
    {0x7483, {0x0040,0x0020,0xFBFE,0x2000,0x2154,0x2124,0x2154,0xF9FC,0x2020,0x23FE,0x2242,0x3A92,0xE2FA,0x420A,0x0202,0x0206}},
    {0x74B0, {0x0000,0x03FC,0xFA94,0x2294,0x23FC,0x2000,0xFBFE,0x2000,0x23FC,0x2204,0x23FC,0x38A2,0xE114,0x4308,0x0D44,0x0182}},
    {0x74F6, {0x4200,0x24FC,0x0040,0x7E40,0x2440,0x2478,0x2448,0x2448,0xFEA8,0x2498,0x2488,0x2488,0x24AA,0x44CA,0x448A,0x8406}},
    {0x74F7, {0x0100,0x4100,0x21FC,0x0A44,0x1448,0xE0A0,0x2110,0x260C,0x0000,0x7FFC,0x0800,0x0FE0,0x0920,0x10A4,0x1624,0x181C}},
    {0x751A, {0x0820,0x0820,0x7FFC,0x0820,0x0820,0x0FE0,0x0820,0x0820,0x0FE0,0x0820,0x0820,0xFFFE,0x1220,0x1410,0x1000,0x1FF8}},
    {0x751F, {0x0100,0x1100,0x1100,0x1100,0x3FFC,0x2100,0x4100,0x8100,0x0100,0x3FF8,0x0100,0x0100,0x0100,0x0100,0xFFFE,0x0000}},
    {0x7528, {0x0000,0x3FF8,0x2108,0x2108,0x2108,0x3FF8,0x2108,0x2108,0x2108,0x3FF8,0x2108,0x2108,0x2108,0x4108,0x4128,0x8010}},
    {0x7529, {0x0000,0x3FF8,0x2108,0x2108,0x2108,0x3FF8,0x2108,0x2108,0x2108,0x3FF8,0x2108,0x2108,0x2128,0x4112,0x4102,0x80FE}},
    {0x7531, {0x0100,0x0100,0x0100,0x0100,0x3FF8,0x2108,0x2108,0x2108,0x2108,0x3FF8,0x2108,0x2108,0x2108,0x2108,0x3FF8,0x2008}},
    {0x7532, {0x0000,0x3FF8,0x2108,0x2108,0x2108,0x3FF8,0x2108,0x2108,0x2108,0x3FF8,0x2108,0x0100,0x0100,0x0100,0x0100,0x0100}},
    {0x7535, {0x0100,0x0100,0x0100,0x3FF8,0x2108,0x2108,0x2108,0x3FF8,0x2108,0x2108,0x2108,0x3FF8,0x210A,0x0102,0x0102,0x00FE}},
    {0x7537, {0x3FF8,0x2108,0x2108,0x3FF8,0x2108,0x2108,0x3FF8,0x0000,0x0100,0x7FFC,0x0104,0x0104,0x0204,0x0404,0x1814,0x6008}},
    {0x753B, {0x0000,0xFFFE,0x0000,0x0000,0x4FE4,0x4924,0x4924,0x4FE4,0x4924,0x4924,0x4924,0x4FE4,0x4004,0x4004,0x7FFC,0x0004}},
    {0x7545, {0x1000,0x11F8,0x1010,0x7C20,0x5440,0x5480,0x7DFC,0x5454,0x5454,0x5494,0x7D24,0x5424,0x1044,0x1084,0x1128,0x1010}},
    {0x754C, {0x0000,0x1FF0,0x1110,0x1110,0x1FF0,0x1110,0x1110,0x1FF0,0x0280,0x0C60,0x3458,0xC446,0x0440,0x0840,0x0840,0x1040}},
    {0x7570, {0x0000,0x3FF8,0x2108,0x3FF8,0x2108,0x3FF8,0x0820,0x0820,0x7FFC,0x0820,0x0820,0xFFFE,0x0000,0x0820,0x1010,0x2008}},
    {0x75B2, {0x0080,0x0040,0x1FFE,0x1040,0x9040,0x57FC,0x5444,0x1440,0x37F8,0x5508,0x9510,0x14A0,0x2440,0x28A0,0x4918,0x9606}},
    {0x767A, {0x0090,0x7EA0,0x0244,0x4448,0x2830,0x1010,0x2008,0xDFF6,0x0440,0x0440,0x7FFC,0x0440,0x0840,0x0844,0x1044,0x603C}},
    {0x767B, {0x0080,0x3E90,0x02A4,0x2448,0x1450,0x0820,0x17D0,0x2008,0xDFF6,0x1010,0x1010,0x1FF0,0x0820,0x0440,0x7FFC,0x0000}},
    {0x767D, {0x0100,0x0200,0x0400,0x3FF8,0x2008,0x2008,0x2008,0x2008,0x3FF8,0x2008,0x2008,0x2008,0x2008,0x2008,0x3FF8,0x2008}},
    {0x767E, {0x0000,0xFFFE,0x0100,0x0200,0x0400,0x3FF8,0x2008,0x2008,0x2008,0x3FF8,0x2008,0x2008,0x2008,0x2008,0x3FF8,0x2008}},
    {0x7684, {0x1040,0x1040,0x2040,0x7E7C,0x4284,0x4284,0x4304,0x4244,0x7E24,0x4224,0x4204,0x4204,0x4204,0x7E04,0x4228,0x0010}},
    {0x76D6, {0x0820,0x0440,0x7FFC,0x0100,0x0100,0x3FF8,0x0100,0x0100,0xFFFE,0x0000,0x0000,0x3FF8,0x2448,0x2448,0x2448,0xFFFE}},
    {0x76D8, {0x0200,0x0400,0x1FF0,0x1110,0x1090,0xFFFE,0x1010,0x1210,0x2150,0x4020,0x3FF8,0x2448,0x2448,0x2448,0xFFFE,0x0000}},
    {0x76EE, {0x0000,0x3FF8,0x2008,0x2008,0x2008,0x3FF8,0x2008,0x2008,0x2008,0x3FF8,0x2008,0x2008,0x2008,0x2008,0x3FF8,0x2008}},
    {0x76F4, {0x0100,0x0100,0x7FFC,0x0100,0x1FF0,0x1010,0x1010,0x1FF0,0x1010,0x1FF0,0x1010,0x1FF0,0x1010,0x1010,0xFFFE,0x0000}},
    {0x76F8, {0x0800,0x08FC,0x0884,0x0884,0xFE84,0x08FC,0x1884,0x1C84,0x2A84,0x2AFC,0x4884,0x8884,0x0884,0x0884,0x08FC,0x0884}},
    {0x770B, {0x00F8,0x7F00,0x0100,0x3FF8,0x0200,0xFFFE,0x0400,0x0800,0x1FF0,0x2810,0x4FF0,0x8810,0x0FF0,0x0810,0x0FF0,0x0810}},
    {0x771F, {0x0100,0x0100,0x7FFC,0x0100,0x1FF0,0x1010,0x1FF0,0x1010,0x1FF0,0x1010,0x1FF0,0x1010,0xFFFE,0x0820,0x1010,0x2008}},
    {0x7740, {0x0820,0x0440,0x7FFC,0x0100,0x3FF8,0x0200,0xFFFE,0x0400,0x0FF0,0x1810,0x2FF0,0xC810,0x0FF0,0x0810,0x0FF0,0x0810}},
    {0x77E5, {0x2000,0x2000,0x207C,0x7E44,0x4844,0x8844,0x0844,0x0844,0xFF44,0x0844,0x1444,0x1444,0x227C,0x2244,0x4200,0x8000}},
    {0x77E9, {0x2000,0x21FE,0x3D00,0x5100,0x9100,0x11FC,0x1104,0xFF04,0x1104,0x1104,0x11FC,0x2900,0x2500,0x4500,0x41FE,0x8000}},
    {0x77ED, {0x2000,0x21FE,0x3C00,0x5000,0x90FC,0x1084,0x1084,0xFE84,0x10FC,0x1000,0x1084,0x2844,0x2448,0x4400,0x41FE,0x8000}},
    {0x77F3, {0x0000,0xFFFE,0x0200,0x0200,0x0400,0x0400,0x0800,0x0FF8,0x1808,0x2808,0x4808,0x8808,0x0808,0x0808,0x0FF8,0x0808}},
    {0x7801, {0x0000,0x01F8,0xFC08,0x1008,0x1088,0x2088,0x3C88,0x64FE,0x6402,0xA402,0x2402,0x25FA,0x3C02,0x2402,0x2014,0x0008}},
    {0x7802, {0x0020,0x0020,0xFC20,0x10A8,0x10A4,0x20A2,0x3D22,0x6520,0x6624,0xA424,0x2428,0x2408,0x3C10,0x2420,0x20C0,0x0300}},
    {0x7814, {0x0000,0x01FC,0xFC88,0x1088,0x1088,0x2088,0x3C88,0x67FE,0x6488,0xA488,0x2488,0x2488,0x3C88,0x2508,0x2108,0x0208}},
    {0x7834, {0x0010,0x0010,0xFC10,0x11FE,0x1112,0x2114,0x3D10,0x65FC,0x6544,0xA544,0x2528,0x2528,0x3D10,0x2628,0x2244,0x0482}},
    {0x786C, {0x0000,0x01FE,0xFC20,0x1020,0x11FC,0x2124,0x3D24,0x65FC,0x6524,0xA524,0x25FC,0x2520,0x3CA0,0x2440,0x20B0,0x030E}},
    {0x78B0, {0x0108,0x0090,0xF800,0x23FC,0x2090,0x4090,0x7892,0x4C92,0xCA94,0x4A98,0x4890,0x4890,0x7890,0x4890,0x07FE,0x0000}},
    {0x78B3, {0x0020,0x0124,0xF924,0x2124,0x21FC,0x4080,0x7880,0x4BFE,0xC890,0x4910,0x4952,0x4A54,0x7AA8,0x4C28,0x0844,0x0082}},
    {0x78E8, {0x0080,0x3FFE,0x2210,0x2F7C,0x2210,0x2738,0x2AD4,0x2210,0x2FFC,0x2100,0x2200,0x27F8,0x4A08,0x5208,0x83F8,0x0208}},
    {0x793A, {0x0000,0x3FF8,0x0000,0x0000,0x0000,0x0000,0xFFFE,0x0100,0x0100,0x1110,0x1108,0x2104,0x4102,0x8102,0x0500,0x0200}},
    {0x7968, {0x0000,0x7FFC,0x0440,0x3FF8,0x2448,0x2448,0x3FF8,0x0000,0x3FF8,0x0000,0xFFFE,0x0100,0x1110,0x2108,0x4504,0x0200}},
    {0x79BB, {0x0200,0x0100,0xFFFE,0x0000,0x1450,0x1390,0x1450,0x1FF0,0x0100,0x7FFC,0x4204,0x4444,0x4FE4,0x4424,0x4014,0x4008}},
    {0x79D2, {0x0820,0x1C20,0xF020,0x10A8,0x10A4,0xFCA2,0x1122,0x3120,0x3A24,0x5424,0x5428,0x9008,0x1010,0x1020,0x10C0,0x1300}},
    {0x79DF, {0x0800,0x1DF8,0xF108,0x1108,0x1108,0xFDF8,0x1108,0x3108,0x3908,0x55F8,0x5508,0x9108,0x1108,0x1108,0x17FE,0x1000}},
    {0x79FB, {0x0820,0x1C20,0xF07C,0x1084,0x1148,0xFC30,0x1020,0x3048,0x3990,0x543E,0x5442,0x91A4,0x1018,0x1010,0x1060,0x1180}},
    {0x7A33, {0x0840,0x1CF8,0xF108,0x1210,0x11FC,0xFC04,0x1004,0x39FC,0x3404,0x5404,0x51FC,0x9040,0x1024,0x12A2,0x128A,0x1478}},
    {0x7A3F, {0x0840,0x1C20,0xF3FE,0x1000,0x11F8,0xFD08,0x11F8,0x3800,0x37FC,0x5204,0x52F4,0x9294,0x1294,0x12F4,0x1214,0x1208}},
    {0x7A7A, {0x0200,0x0100,0x7FFE,0x4002,0x8824,0x1010,0x2008,0x0000,0x1FF0,0x0100,0x0100,0x0100,0x0100,0x0100,0x7FFC,0x0000}},
    {0x7A7F, {0x0200,0x0100,0x7FFE,0x4822,0x9014,0x0000,0x3FFC,0x0040,0x1040,0x2040,0x3FFE,0x0140,0x0640,0x1840,0x6140,0x0080}},
    {0x7A81, {0x0200,0x0100,0x7FFE,0x4002,0x8824,0x1110,0x2148,0x0120,0x0100,0x7FFC,0x0100,0x0280,0x0440,0x0820,0x3018,0xC006}},
    {0x7A93, {0x0200,0x0100,0x7FFE,0x4822,0x9214,0x2408,0x0820,0x1010,0x3FF8,0x0008,0x0100,0x0884,0x4892,0x4812,0x87F0,0x0000}},
    {0x7A97, {0x0200,0x0100,0x7FFE,0x4822,0x9214,0x0400,0x3FF8,0x2208,0x23C8,0x2448,0x2A88,0x2108,0x2288,0x2408,0x3FF8,0x2008}},
    {0x7ACB, {0x0200,0x0100,0x0100,0x0000,0x7FFC,0x0000,0x0010,0x1010,0x0820,0x0820,0x0440,0x0440,0x0480,0x0000,0xFFFE,0x0000}},
    {0x7AD6, {0x0800,0x4BF8,0x4A08,0x4910,0x48A0,0x4840,0x48B0,0x4B0C,0x0A00,0x0100,0x3FF8,0x0000,0x0820,0x0440,0xFFFE,0x0000}},
    {0x7AD9, {0x1020,0x0820,0x0820,0x7E20,0x003E,0x0420,0x4420,0x4420,0x25FC,0x2904,0x2904,0x0F04,0xF104,0x4104,0x01FC,0x0104}},
    {0x7AEF, {0x2020,0x1124,0x1124,0xFD24,0x01FC,0x0800,0x8BFE,0x8820,0x4840,0x49FC,0x5154,0x5154,0x1D54,0xE154,0x4154,0x010C}},
    {0x7B14, {0x1040,0x1040,0x3F7E,0x4890,0x8508,0x00F8,0x3F00,0x0100,0x01F8,0x3F00,0x0100,0x01FC,0x7F02,0x0102,0x0102,0x00FE}},
    {0x7B49, {0x2040,0x3F7E,0x4890,0x8508,0x0100,0x3FF8,0x0100,0x0100,0xFFFE,0x0000,0x0020,0x7FFC,0x0820,0x0420,0x04A0,0x0040}},
    {0x7B4B, {0x1040,0x1040,0x3F7E,0x4890,0x8508,0x3E20,0x2220,0x22FC,0x3E24,0x2224,0x2224,0x3E24,0x2244,0x4244,0x4A94,0x8508}},
    {0x7B97, {0x2040,0x3E7E,0x4890,0x8000,0x3FF8,0x2008,0x3FF8,0x2008,0x3FF8,0x2008,0x3FF8,0x0820,0xFFFE,0x0820,0x1020,0x2020}},
    {0x7BA1, {0x2040,0x3F7E,0x4890,0x8508,0x0100,0x7FFE,0x4002,0x9FE4,0x1020,0x1FE0,0x1000,0x1FF0,0x1010,0x1010,0x1FF0,0x1010}},
    {0x7BB1, {0x1040,0x1040,0x3F7E,0x2890,0x4508,0x8800,0x08FC,0x7E84,0x0884,0x18FC,0x1C84,0x2A84,0x2AFC,0x4884,0x8884,0x08FC}},
    {0x7C21, {0x2040,0x3F7E,0x4890,0x8508,0x3E7C,0x2244,0x3E7C,0x2244,0x3E7C,0x2004,0x27E4,0x2424,0x27E4,0x2424,0x27F4,0x2008}},
    {0x7C27, {0x2040,0x3E7E,0x4890,0x8440,0x3FF8,0x0440,0xFFFE,0x0100,0x3FF8,0x2108,0x3FF8,0x2108,0x3FF8,0x0820,0x1010,0x2008}},
    {0x7C7B, {0x0100,0x1110,0x0920,0x0100,0x7FFC,0x0540,0x0920,0x1110,0x6008,0x0100,0xFFFE,0x0280,0x0440,0x0820,0x3018,0xC006}},
    {0x7C89, {0x1010,0x1050,0x9450,0x5450,0x5888,0x1088,0xFD04,0x32FA,0x3848,0x5448,0x5448,0x9048,0x1088,0x1088,0x1128,0x1210}},
    {0x7C98, {0x1020,0x1020,0x9420,0x5420,0x583E,0x1020,0xFC20,0x3020,0x39FC,0x5504,0x5504,0x9104,0x1104,0x1104,0x11FC,0x1104}},
    {0x7CFB, {0x00F8,0x3F00,0x0400,0x0820,0x1040,0x3F80,0x0100,0x0610,0x1808,0x7FFC,0x0104,0x0920,0x1110,0x2108,0x4504,0x0200}},
    {0x7D0D, {0x1020,0x1020,0x2020,0x25FE,0x4522,0xF922,0x1122,0x2122,0x4952,0xFD4A,0x058A,0x0102,0x5502,0x5502,0x810A,0x0104}},
    {0x7D14, {0x1020,0x1020,0x2020,0x2BFE,0x4820,0xF124,0x1124,0x2124,0x4924,0xFDFC,0x0424,0x0020,0x5422,0x5422,0x801E,0x0000}},
    {0x7D1A, {0x1000,0x13FC,0x2084,0x2488,0x4488,0xF890,0x109C,0x2084,0x4944,0xFD44,0x0528,0x0128,0xAA10,0xAA28,0x8444,0x0182}},
    {0x7D20, {0x0100,0x3FF8,0x0100,0x1FF0,0x0100,0xFFFE,0x0200,0x0420,0x1FC0,0x0180,0x0610,0x3FF8,0x0108,0x1120,0x2510,0x4208}},
    {0x7D2B, {0x0880,0x2888,0x2EF0,0x2884,0x2E84,0xF07C,0x0200,0x0420,0x1FC0,0x0180,0x0610,0x3FF8,0x0108,0x1120,0x2510,0x4208}},
    {0x7D3A, {0x1088,0x1088,0x2088,0x2488,0x47FE,0xF888,0x1088,0x2088,0x4888,0xFCF8,0x0488,0x0088,0x5488,0x5488,0x80F8,0x0088}},
    {0x7D42, {0x1040,0x1040,0x207C,0x2884,0x4988,0xF250,0x1020,0x2050,0x4888,0xFB06,0x0860,0x0010,0xA808,0xA8C0,0x8020,0x0010}},
    {0x7D50, {0x1020,0x1020,0x2020,0x2BFE,0x4820,0xF020,0x11FC,0x2000,0x4800,0xFDFC,0x0504,0x0104,0x5504,0x5504,0x81FC,0x0104}},
    {0x7D9A, {0x1020,0x1020,0x23FE,0x2820,0x49FC,0xF000,0x13FE,0x2202,0x4C04,0xF890,0x0890,0x0090,0xA890,0xA912,0x8112,0x020E}},
    {0x7DD1, {0x1000,0x11F8,0x2008,0x2808,0x49F8,0xF008,0x1008,0x23FE,0x4820,0xFA22,0x0974,0x00A8,0xA924,0xAA22,0x80A0,0x0040}},
    {0x7DDA, {0x1040,0x1080,0x21FC,0x2904,0x49FC,0xF104,0x11FC,0x2020,0x4832,0xFBB4,0x08A8,0x0128,0xA924,0xAA24,0x84A2,0x0040}},
    {0x7E26, {0x1080,0x10A2,0x2112,0x2514,0x4680,0xF8FE,0x1108,0x2108,0x4B28,0xFD2E,0x0528,0x0128,0x5528,0x5558,0x814E,0x0180}},
    {0x7E2E, {0x1020,0x1010,0x23FE,0x2A02,0x4880,0xF0FE,0x1110,0x2320,0x4D7C,0xF944,0x0944,0x017C,0xA944,0xA944,0x817C,0x0144}},
    {0x7E3E, {0x1020,0x13FE,0x2020,0x25FC,0x4420,0xFBFE,0x1000,0x21FC,0x4904,0xFDFC,0x0504,0x01FC,0x5504,0x55FC,0x8088,0x0104}},
    {0x7EA2, {0x1000,0x1000,0x21FC,0x2420,0x4420,0xF820,0x1020,0x2020,0x4020,0xFC20,0x4020,0x0020,0x1C20,0xE020,0x43FE,0x0000}},
    {0x7EA4, {0x1008,0x103C,0x21E0,0x2420,0x4420,0xF820,0x1020,0x23FE,0x4020,0xFC20,0x4020,0x0020,0x1C20,0xE020,0x4020,0x0020}},
    {0x7EA7, {0x1000,0x13FC,0x2084,0x2088,0x4888,0xF890,0x109C,0x2084,0x4144,0xF944,0x4128,0x0128,0x1A10,0xE228,0x4444,0x0182}},
    {0x7EAA, {0x1000,0x1000,0x23F8,0x2008,0x4808,0xF008,0x1008,0x23F8,0x4208,0xFA00,0x4200,0x0202,0x1A02,0xE202,0x41FE,0x0000}},
    {0x7EB9, {0x1080,0x1040,0x2040,0x27FC,0x4910,0xF110,0x1110,0x2110,0x4110,0xF8A0,0x40A0,0x0040,0x18A0,0xE110,0x4208,0x0C06}},
    {0x7EBF, {0x1050,0x1048,0x2040,0x245C,0x45E0,0xF840,0x105E,0x23E0,0x4044,0xFC48,0x4030,0x0022,0x1C52,0xE08A,0x4306,0x0002}},
    {0x7EC7, {0x1000,0x1000,0x21FC,0x2504,0x4504,0xF904,0x1104,0x2104,0x41FC,0xFD04,0x4000,0x0090,0x1C88,0xE104,0x4202,0x0402}},
    {0x7EC8, {0x1080,0x1080,0x20F8,0x2108,0x4B10,0xFCA0,0x1040,0x20A0,0x4318,0xFC06,0x40C0,0x0020,0x1810,0xE180,0x4060,0x0010}},
    {0x7ECF, {0x1000,0x11FC,0x2008,0x2410,0x4430,0xF848,0x1084,0x2302,0x4000,0xFDFC,0x4020,0x0020,0x1C20,0xE020,0x43FE,0x0000}},
    {0x7ED3, {0x1020,0x1020,0x2020,0x27FE,0x4420,0xF820,0x11FC,0x2000,0x4000,0xFDFC,0x4104,0x0104,0x1D04,0xE104,0x41FC,0x0104}},
    {0x7EDF, {0x1040,0x1020,0x2020,0x23FE,0x4840,0xF888,0x1104,0x23FE,0x4092,0xF890,0x4090,0x0090,0x1912,0xE112,0x420E,0x0400}},
    {0x7EEA, {0x1040,0x1044,0x23F4,0x2048,0x4850,0xF7FE,0x1040,0x2080,0x41F8,0xFB08,0x4508,0x01F8,0x1908,0xE108,0x41F8,0x0108}},
    {0x7EF4, {0x10A0,0x1090,0x2080,0x25FE,0x4510,0xFB10,0x15FC,0x2110,0x4110,0xFDFC,0x4110,0x0110,0x1D10,0xE1FE,0x4100,0x0100}},
    {0x7EFF, {0x1000,0x11F8,0x2008,0x2008,0x49F8,0xF808,0x1008,0x23FE,0x4020,0xFA22,0x4174,0x00A8,0x1924,0xE222,0x40A0,0x0040}},
    {0x7F16, {0x1080,0x1040,0x23FC,0x2204,0x4A04,0xFBFC,0x1200,0x2200,0x43FC,0xFB54,0x4354,0x05FC,0x1D54,0xE554,0x4944,0x010C}},
    {0x7F18, {0x1080,0x10FC,0x2104,0x21F8,0x4808,0xFBFE,0x1040,0x20A2,0x4334,0xF858,0x4094,0x0334,0x1852,0xE090,0x4350,0x0020}},
    {0x7F29, {0x2040,0x2020,0x27FE,0x4402,0x5100,0xF1FE,0x2210,0x2620,0x4A7C,0xF244,0x4244,0x027C,0x3244,0xC244,0x027C,0x0244}},
    {0x7F38, {0x2000,0x2000,0x3F7E,0x4810,0x8810,0x0810,0xFF10,0x0810,0x0810,0x4910,0x4910,0x4910,0x4F10,0x79FE,0x0100,0x0000}},
    {0x7F3A, {0x2020,0x2020,0x3C20,0x51FC,0x9024,0x1024,0xFE24,0x1024,0x13FE,0x5420,0x5450,0x5450,0x5C88,0x6488,0x0504,0x0202}},
    {0x7F5A, {0x0000,0x7FFC,0x4444,0x4444,0x7FFC,0x0000,0x2008,0x1088,0x0088,0xF088,0x1088,0x1088,0x1488,0x1808,0x1028,0x0010}},
    {0x7F69, {0x0000,0x7FFC,0x4444,0x7FFC,0x0100,0x01FC,0x0100,0x3FF8,0x2008,0x3FF8,0x2008,0x3FF8,0x0100,0xFFFE,0x0100,0x0100}},
    {0x7F6E, {0x7FFC,0x4444,0x4444,0x7FFC,0x0100,0xFFFE,0x0200,0x1FF0,0x1010,0x1FF0,0x1010,0x1FF0,0x1010,0x1FF0,0x1010,0xFFFE}},
    {0x7F70, {0x7FFC,0x4444,0x4444,0x7FFC,0x0800,0x0404,0x7FA4,0x0024,0x3F24,0x0024,0x3F24,0x0024,0x3F24,0x2104,0x3F14,0x2108}},
    {0x7FD2, {0x0000,0x7EFC,0x2244,0x1224,0x1A34,0x62C4,0x0104,0x0200,0x1FF8,0x1008,0x1008,0x1FF8,0x1008,0x1008,0x1FF8,0x1008}},
    {0x7FFC, {0x7EFC,0x2244,0x1A34,0x62C4,0x0204,0x3FF8,0x2108,0x3FF8,0x2108,0x3FF8,0x0440,0x3FF8,0x0440,0xFFFE,0x0820,0x1010}},
    {0x8001, {0x0200,0x0208,0x3FD0,0x0220,0x0240,0xFFFE,0x0100,0x0200,0x0C10,0x18E0,0x2F00,0x4808,0x8808,0x0808,0x07F8,0x0000}},
    {0x8003, {0x0200,0x0208,0x3FD0,0x0220,0x0240,0xFFFE,0x0100,0x0200,0x0FF8,0x1200,0x2400,0x47F0,0x8010,0x0010,0x00A0,0x0040}},
    {0x8005, {0x0200,0x0208,0x3FD0,0x0220,0x0240,0xFFFE,0x0100,0x0200,0x0FF0,0x1810,0x2810,0x4FF0,0x8810,0x0810,0x0FF0,0x0810}},
    {0x8010, {0x0008,0xFF88,0x0808,0x0808,0x10FE,0x7F08,0x5508,0x5508,0x5548,0x5528,0x5528,0x5508,0x5508,0x5508,0x4128,0x4310}},
    {0x8017, {0x1008,0x101C,0x10E0,0xFE20,0x1020,0x7C3C,0x10E0,0xFE20,0x1020,0x383E,0x35E0,0x5420,0x5022,0x9022,0x1022,0x101E}},
    {0x8054, {0x0088,0xFC48,0x4850,0x4800,0x79FC,0x4820,0x4820,0x7820,0x4BFE,0x4820,0x4C50,0x7850,0xC888,0x0888,0x0904,0x0A02}},
    {0x805A, {0x7F00,0x227C,0x3E04,0x2228,0x3E10,0x23A8,0xFE44,0x0200,0x00F8,0x7F00,0x0904,0x1188,0x6350,0x0520,0x1918,0xE106}},
    {0x8077, {0x0110,0xFC94,0x4BD2,0x4812,0x7A50,0x4990,0x4FFE,0x7810,0x4BD2,0x4A52,0x4E54,0x7BD4,0xCA4A,0x0A4A,0x0BD6,0x0822}},
    {0x8089, {0x0100,0x0100,0x0100,0x7FFC,0x4104,0x4284,0x4444,0x4924,0x5104,0x4104,0x4284,0x4244,0x4444,0x4804,0x4014,0x4008}},
    {0x808C, {0x0000,0x3CF0,0x2490,0x2490,0x2490,0x3C90,0x2490,0x2490,0x2490,0x3C90,0x2490,0x2492,0x2492,0x4512,0x550E,0x8A00}},
    {0x80CE, {0x0020,0x3C20,0x2420,0x2440,0x2448,0x3C84,0x25FE,0x2482,0x2400,0x3CFC,0x2484,0x2484,0x2484,0x4484,0x54FC,0x8884}},
    {0x80DC, {0x0020,0x7820,0x4920,0x4920,0x49FC,0x7920,0x4A20,0x4820,0x4820,0x79FC,0x4820,0x4820,0x4820,0x4820,0x4BFE,0x9800}},
    {0x80FD, {0x1040,0x2444,0x4248,0xFF70,0x0140,0x0042,0x7E42,0x423E,0x4200,0x7E44,0x4248,0x4270,0x7E40,0x4242,0x4A42,0x443E}},
    {0x811A, {0x0100,0x7900,0x491E,0x4B92,0x4912,0x7912,0x4912,0x4FD2,0x4912,0x7912,0x4A1A,0x4A94,0x4FD0,0x4A50,0x4810,0x9810}},
    {0x8131, {0x0104,0x7884,0x4888,0x4810,0x49FC,0x7904,0x4904,0x4904,0x49FC,0x7850,0x4850,0x4890,0x4892,0x4912,0x4A0E,0x9C00}},
    {0x8154, {0x0040,0x7820,0x4820,0x4BFE,0x4A02,0x7C94,0x4908,0x4A04,0x4800,0x79FC,0x4820,0x4820,0x4820,0x4820,0x4FFE,0x9800}},
    {0x8155, {0x0040,0x7820,0x4BFE,0x4A02,0x4D04,0x7900,0x49DE,0x4A52,0x4A52,0x7B52,0x4C9A,0x4894,0x4910,0x4912,0x4A12,0x9C0E}},
    {0x819C, {0x0088,0x7888,0x4BFE,0x4888,0x4800,0x79FC,0x4904,0x49FC,0x4904,0x79FC,0x4820,0x4BFE,0x4850,0x4888,0x4904,0x9A02}},
    {0x81C2, {0x3E10,0x22FE,0x3E44,0x2028,0x7EFE,0xA210,0x3EFC,0x2210,0x0000,0x1FF0,0x1010,0x1FF0,0x1010,0x1FF0,0x1010,0x1030}},
    {0x81EA, {0x0100,0x0200,0x0400,0x1FF0,0x1010,0x1010,0x1010,0x1FF0,0x1010,0x1010,0x1FF0,0x1010,0x1010,0x1010,0x1FF0,0x1010}},
    {0x81F3, {0x0000,0x7FFC,0x0200,0x0400,0x0820,0x1010,0x3FF8,0x0008,0x0100,0x0100,0x3FF8,0x0100,0x0100,0x0100,0xFFFE,0x0000}},
    {0x8272, {0x0800,0x0800,0x1FE0,0x2020,0x4040,0xBFF8,0x2108,0x2108,0x2108,0x3FF8,0x2000,0x2002,0x2002,0x2002,0x1FFE,0x0000}},
    {0x8282, {0x0820,0x0820,0xFFFE,0x0820,0x0820,0x0000,0x7FF8,0x0208,0x0208,0x0208,0x0208,0x0250,0x0220,0x0200,0x0200,0x0200}},
    {0x82B1, {0x0820,0x0820,0xFFFE,0x0820,0x0000,0x0888,0x0890,0x10A0,0x30C0,0x5080,0x9180,0x1282,0x1482,0x1082,0x107E,0x1000}},
    {0x82E5, {0x0820,0x0820,0xFFFE,0x0820,0x0A20,0x0200,0xFFFE,0x0400,0x0800,0x1FF0,0x2810,0x4810,0x8810,0x0810,0x0FF0,0x0810}},
    {0x82F1, {0x0820,0x0820,0xFFFE,0x0820,0x0100,0x0100,0x1FF0,0x1110,0x1110,0x1110,0xFFFE,0x0280,0x0440,0x0820,0x3018,0xC006}},
    {0x8349, {0x0440,0x0440,0xFFFE,0x0440,0x0000,0x1FF0,0x1010,0x1FF0,0x1010,0x1FF0,0x0100,0xFFFE,0x0100,0x0100,0x0100,0x0100}},
    {0x8350, {0x0820,0x0820,0xFFFE,0x0A20,0x0200,0x7FFC,0x0400,0x09F8,0x0810,0x1820,0x2BFE,0x4820,0x8820,0x0820,0x08A0,0x0840}},
    {0x8377, {0x0440,0x0440,0xFFFE,0x0440,0x1000,0x17FE,0x2008,0x6008,0xA7C8,0x2448,0x2448,0x2448,0x27C8,0x2008,0x2028,0x2010}},
    {0x83B7, {0x0820,0x0820,0xFFFE,0x0820,0x4440,0x2850,0x1048,0x2840,0x4FFE,0x9840,0x28A0,0x48A0,0x8910,0x0910,0x5208,0x2406}},
    {0x83DC, {0x0820,0x0820,0xFFFE,0x0820,0x0010,0x00F8,0x3F00,0x1110,0x0820,0x0100,0x7FFC,0x0540,0x0920,0x3118,0xC106,0x0100}},
    {0x84C4, {0x0820,0xFFFE,0x0820,0x0100,0xFFFE,0x0820,0x1FC0,0x0310,0x0C08,0x3FFC,0x0004,0x3FF8,0x2108,0x3FF8,0x2108,0x3FF8}},
    {0x84DD, {0x0820,0x0820,0xFFFE,0x0820,0x0480,0x2480,0x24FC,0x24A0,0x2510,0x0000,0x3FF8,0x2448,0x2448,0x2448,0xFFFE,0x0000}},
    {0x8584, {0x0820,0xFFFE,0x0820,0x0048,0x27FC,0x1040,0x13F8,0x8248,0x43F8,0x4A48,0x0BF8,0x1248,0xF010,0x27FC,0x2210,0x2130}},
    {0x85CF, {0x0440,0xFFFE,0x0448,0x0024,0x1FFE,0x5020,0x57A0,0x7524,0x17A4,0xF4A8,0x57A8,0x5510,0x9512,0x27AA,0x2046,0x4082}},
    {0x86C7, {0x1020,0x1010,0x1010,0x7DFE,0x5502,0x5604,0x5480,0x5488,0x7C90,0x50A0,0x10C0,0x1482,0x1E82,0xE282,0x407E,0x0000}},
    {0x87BA, {0x1000,0x11FC,0x1124,0x7DFC,0x5524,0x55FC,0x5440,0x5488,0x7DF0,0x5020,0x1044,0x17FE,0x1C22,0xE524,0x4222,0x0060}},
    {0x8840, {0x0100,0x0100,0x0200,0x3FF8,0x2448,0x2448,0x2448,0x2448,0x2448,0x2448,0x2448,0x2448,0x2448,0x2448,0xFFFE,0x0000}},
    {0x884C, {0x0800,0x09FC,0x1000,0x2000,0x4800,0x0800,0x13FE,0x3020,0x5020,0x9020,0x1020,0x1020,0x1020,0x1020,0x10A0,0x1040}},
    {0x8857, {0x1100,0x1100,0x27DC,0x4100,0x8100,0x17C0,0x203E,0x6108,0xA108,0x27C8,0x2108,0x2108,0x21C8,0x2E08,0x2428,0x2010}},
    {0x885D, {0x1080,0x11C0,0x271C,0x4100,0x87C0,0x1100,0x27FE,0x6548,0xA7C8,0x2548,0x27C8,0x2108,0x27C8,0x2108,0x2FE8,0x2010}},
    {0x8861, {0x1200,0x13C0,0x244E,0x4880,0x87C0,0x1540,0x255E,0x67C4,0xA544,0x2544,0x27C4,0x2104,0x2FE4,0x2104,0x2294,0x2448}},
    {0x8868, {0x0100,0x0100,0x7FFC,0x0100,0x0100,0x3FF8,0x0100,0x0100,0xFFFE,0x0500,0x0888,0x1850,0x2820,0xC918,0x0A06,0x0C00}},
    {0x888B, {0x08A0,0x1090,0x30BE,0x57C0,0x9040,0x1024,0x1014,0x120C,0x0100,0xFFFE,0x0500,0x0C88,0x3450,0xC530,0x060E,0x0400}},
    {0x88AB, {0x2010,0x1010,0x0010,0xF9FE,0x0912,0x1114,0x1510,0x39FC,0x5544,0x9144,0x1128,0x1128,0x1110,0x1228,0x1244,0x1482}},
    {0x88AD, {0x0440,0x0420,0xFFFE,0x0910,0x1160,0x2184,0x4F04,0x82FC,0x0100,0xFFFE,0x0500,0x0C88,0x3450,0xC530,0x060E,0x0400}},
    {0x88C2, {0x0004,0x7F84,0x0824,0x1F24,0x2124,0x5224,0x0C24,0x3004,0xC20C,0x0100,0xFFFE,0x0488,0x0C50,0x3420,0xC518,0x0606}},
    {0x88C5, {0x0820,0x4820,0x2BFE,0x0820,0x1820,0x2820,0xC9FC,0x0A00,0x0100,0xFFFE,0x0500,0x0C88,0x3450,0xC530,0x060E,0x0400}},
    {0x88D9, {0x2000,0x11FC,0x0044,0xF844,0x0BFE,0x1044,0x1044,0x35FC,0x5880,0x9480,0x15FC,0x1284,0x1484,0x1084,0x10FC,0x1084}},
    {0x88FD, {0x2404,0x3FA4,0x4424,0xFFA4,0x0424,0x3F84,0x2494,0x2588,0x0200,0x0100,0xFFFE,0x0488,0x0C50,0x3420,0xC518,0x0606}},
    {0x8981, {0x0000,0x7FFC,0x0440,0x0440,0x3FF8,0x2448,0x2448,0x3FF8,0x0200,0x7FFC,0x0420,0x0840,0x1C80,0x0380,0x0670,0x3808}},
    {0x8987, {0xFFFE,0x0440,0x3FF8,0x2448,0x3FF8,0x2200,0x7F7C,0x2244,0x3E44,0x087C,0x7F44,0x4944,0x7F7C,0x0844,0xFF54,0x0888}},
    {0x898B, {0x0000,0x1FF0,0x1010,0x1010,0x1FF0,0x1010,0x1010,0x1FF0,0x1010,0x1010,0x1FF0,0x0440,0x0440,0x0842,0x3042,0xC03E}},
    {0x8996, {0x2000,0x11FC,0x1104,0xF904,0x09FC,0x1104,0x1104,0x39FC,0x5504,0x9504,0x11FC,0x1050,0x1090,0x1092,0x1112,0x120E}},
    {0x89C1, {0x0000,0x1FF0,0x1010,0x1010,0x1110,0x1110,0x1110,0x1110,0x1110,0x1290,0x1290,0x0480,0x0480,0x0882,0x3082,0xC07E}},
    {0x89C4, {0x1000,0x11FC,0x1104,0x7D04,0x1124,0x1124,0x1124,0xFF24,0x1124,0x1154,0x1050,0x2890,0x2490,0x4512,0x8212,0x040E}},
    {0x89C6, {0x2000,0x11FC,0x1104,0xF904,0x0924,0x1124,0x1124,0x3924,0x5524,0x9554,0x1050,0x1090,0x1090,0x1112,0x1212,0x140E}},
    {0x89C8, {0x0440,0x2440,0x247C,0x2490,0x2508,0x0400,0x1FF0,0x1010,0x1110,0x1110,0x1110,0x1290,0x0280,0x0484,0x1884,0x607C}},
    {0x89D2, {0x0800,0x0800,0x1FE0,0x2020,0x4040,0xBFF8,0x2108,0x2108,0x3FF8,0x2108,0x2108,0x3FF8,0x2108,0x4108,0x4128,0x8010}},
    {0x89E3, {0x1000,0x10FC,0x3C24,0x2424,0x4854,0xBE88,0x2A10,0x2A50,0x3E7C,0x2A90,0x2A10,0x3EFE,0x2A10,0x4A10,0x4210,0x8610}},
    {0x89E6, {0x2020,0x2020,0x7820,0x49FC,0x9124,0x7D24,0x5524,0x5524,0x7DFC,0x5524,0x5420,0x7C28,0x5424,0x57FE,0x4502,0x8C00}},
    {0x8A00, {0x0200,0x0100,0xFFFE,0x0000,0x0000,0x3FF8,0x0000,0x0000,0x3FF8,0x0000,0x0000,0x3FF8,0x2008,0x2008,0x3FF8,0x2008}},
    {0x8A08, {0x2020,0x1020,0x1020,0xFE20,0x0020,0x7C20,0x03FE,0x7C20,0x0020,0x7C20,0x4420,0x4420,0x4420,0x7C20,0x4420,0x0020}},
    {0x8A18, {0x2000,0x1000,0x10FC,0xFE04,0x0004,0x7C04,0x0004,0x7CFC,0x0084,0x7C80,0x4480,0x4480,0x4482,0x7C82,0x447E,0x0000}},
    {0x8A2D, {0x2000,0x10F8,0x1088,0xFE88,0x0088,0x7D06,0x0200,0x7DFC,0x0084,0x7C84,0x4448,0x4450,0x4420,0x7C50,0x4488,0x0306}},
    {0x8A66, {0x2010,0x1014,0x0012,0xFC10,0x03FE,0x7810,0x0010,0x79D0,0x0090,0x7890,0x4890,0x4888,0x48EA,0x7B8A,0x4806,0x0002}},
    {0x8A71, {0x2008,0x103C,0x11E0,0xFE20,0x0020,0x7DFE,0x0020,0x7C20,0x0020,0x7DFC,0x4504,0x4504,0x4504,0x7D04,0x45FC,0x0104}},
    {0x8A9E, {0x2000,0x13FC,0x0040,0xFC40,0x01F8,0x7888,0x0088,0x7BFE,0x0000,0x7800,0x49F8,0x4908,0x4908,0x7908,0x49F8,0x0108}},
    {0x8AAC, {0x2104,0x1084,0x0088,0xFC10,0x01FC,0x7904,0x0104,0x7904,0x01FC,0x7850,0x4850,0x4890,0x4892,0x7912,0x4A0E,0x0400}},
    {0x8AB0, {0x20A0,0x1090,0x0080,0xFDFE,0x0110,0x7B10,0x05FC,0x7910,0x0110,0x79FC,0x4910,0x4910,0x4910,0x79FE,0x4900,0x0100}},
    {0x8ABF, {0x2000,0x11FC,0x0124,0xFD24,0x0174,0x7924,0x01FC,0x7904,0x0174,0x7954,0x4954,0x4974,0x4904,0x7A04,0x4A14,0x0408}},
    {0x8B66, {0x2420,0xFF20,0x247E,0x7EC4,0x8228,0x7A10,0x4A28,0x7AC6,0x0500,0xFFFE,0x0000,0x3FF8,0x0000,0x3FF8,0x2008,0x3FF8}},
    {0x8B77, {0x2088,0x13FE,0x00A8,0xFC90,0x01FE,0x7B20,0x01FC,0x7920,0x01FC,0x7920,0x49FE,0x4900,0x4BFC,0x7888,0x4870,0x038E}},
    {0x8BA1, {0x0040,0x2040,0x1040,0x1040,0x0040,0x0040,0xF7FE,0x1040,0x1040,0x1040,0x1040,0x1040,0x1440,0x1840,0x1040,0x0040}},
    {0x8BA4, {0x0040,0x2040,0x1040,0x1040,0x0040,0x0040,0xF040,0x1040,0x10A0,0x10A0,0x10A0,0x1510,0x1910,0x1208,0x0404,0x0802}},
    {0x8BB0, {0x0000,0x2000,0x11F8,0x1008,0x0008,0x0008,0xF008,0x11F8,0x1108,0x1100,0x1100,0x1100,0x1502,0x1902,0x10FE,0x0000}},
    {0x8BBE, {0x0000,0x21F0,0x1110,0x1110,0x0110,0x020E,0xF400,0x13F8,0x1108,0x1110,0x1090,0x14A0,0x1840,0x10A0,0x0318,0x0C06}},
    {0x8BDD, {0x0008,0x203C,0x11E0,0x1020,0x0020,0x03FE,0xF020,0x1020,0x1020,0x11FC,0x1104,0x1104,0x1504,0x1904,0x11FC,0x0104}},
    {0x8BED, {0x0000,0x47FC,0x2040,0x2040,0x03F8,0x0088,0xE088,0x27FE,0x2000,0x2000,0x23F8,0x2208,0x2A08,0x3208,0x23F8,0x0208}},
    {0x8BF4, {0x0208,0x2108,0x1110,0x1020,0x03F8,0x0208,0xF208,0x1208,0x13F8,0x10A0,0x10A0,0x1520,0x1922,0x1222,0x041E,0x0800}},
    {0x8BF7, {0x0040,0x4040,0x27FC,0x2040,0x03F8,0x0040,0xE7FE,0x2000,0x23F8,0x2208,0x23F8,0x2208,0x2BF8,0x3208,0x2228,0x0210}},
    {0x8C01, {0x0140,0x4120,0x2120,0x23FE,0x0220,0x0620,0xEBFC,0x2220,0x2220,0x23FC,0x2220,0x2220,0x2A20,0x33FE,0x2200,0x0200}},
    {0x8C03, {0x0000,0x47FC,0x2444,0x2444,0x05F4,0x0444,0xE444,0x27FC,0x2404,0x25F4,0x2514,0x2D14,0x35F4,0x2404,0x0414,0x0808}},
    {0x8CA0, {0x0800,0x0800,0x1FE0,0x2020,0x4040,0xBFF8,0x2008,0x3FF8,0x2008,0x3FF8,0x2008,0x3FF8,0x0000,0x0460,0x1818,0x6004}},
    {0x8CA9, {0x0008,0x781C,0x49E0,0x4900,0x7900,0x49FC,0x4944,0x7944,0x4944,0x4928,0x7928,0x0110,0x5110,0x4A28,0x8A44,0x0482}},
    {0x8CAF, {0x0040,0x7C20,0x4420,0x45FE,0x7D02,0x4604,0x4400,0x7C00,0x45FE,0x4420,0x7C20,0x0020,0x2820,0x2420,0x44A0,0x8040}},
    {0x8CB7, {0x0000,0x7FFC,0x4444,0x4444,0x7FFC,0x0000,0x3FF8,0x2008,0x3FF8,0x2008,0x3FF8,0x2008,0x3FF8,0x0820,0x1010,0x2008}},
    {0x8CBB, {0x0440,0x7FF8,0x0448,0x3FF8,0x2440,0x3FFC,0x0844,0x1FF4,0x301C,0x5FF0,0x1010,0x1FF0,0x1010,0x1FF0,0x0820,0x1010}},
    {0x8CBC, {0x0020,0x7C20,0x4420,0x4420,0x7C3E,0x4420,0x4420,0x7C20,0x45FC,0x4504,0x7D04,0x0104,0x2904,0x2504,0x45FC,0x8104}},
    {0x8CC3, {0x0818,0x13E0,0x3040,0x57FC,0x9040,0x13F8,0x0000,0x1FF0,0x1010,0x1FF0,0x1010,0x1FF0,0x1010,0x1FF0,0x0820,0x1010}},
    {0x8CDE, {0x1110,0x0920,0x7FFE,0x4002,0x9FF4,0x1010,0x3FF8,0x2008,0x3FF8,0x2008,0x3FF8,0x2008,0x3FF8,0x0820,0x1010,0x2008}},
    {0x8CED, {0x0020,0x7C22,0x45FA,0x4424,0x7C28,0x47FE,0x4420,0x7C40,0x44FC,0x4584,0x7E84,0x00FC,0x2884,0x2484,0x44FC,0x8084}},
    {0x8CFC, {0x0088,0x7888,0x4BFE,0x4888,0x79FC,0x4888,0x4BFE,0x7820,0x49FC,0x4924,0x79FC,0x0124,0x53FE,0x4904,0x8914,0x0108}},
    {0x8D1F, {0x0400,0x0400,0x0FE0,0x1020,0x2040,0x5FF0,0x1010,0x1110,0x1110,0x1110,0x1110,0x1210,0x02C0,0x0420,0x1810,0x6008}},
    {0x8D25, {0x0040,0x7C40,0x4440,0x5480,0x54FE,0x5508,0x5688,0x5488,0x5488,0x5450,0x5450,0x1020,0x2850,0x2488,0x4504,0x8202}},
    {0x8D27, {0x0880,0x0880,0x1098,0x30E0,0x5784,0x9084,0x107C,0x0000,0x1FF0,0x1010,0x1110,0x1110,0x1110,0x0260,0x0C18,0x7004}},
    {0x8D28, {0x007C,0x3FC0,0x2040,0x2040,0x3FFE,0x2040,0x2040,0x27FC,0x2404,0x2444,0x2444,0x2444,0x24B4,0x4108,0x4604,0x9802}},
    {0x8D2D, {0x0080,0x7C80,0x4480,0x54FC,0x5504,0x5504,0x5644,0x5444,0x5484,0x54A4,0x5514,0x11F4,0x2814,0x2404,0x4428,0x8010}},
    {0x8D34, {0x0020,0x7C20,0x4420,0x5420,0x543E,0x5420,0x5420,0x5420,0x55FC,0x5504,0x5504,0x1104,0x2904,0x2504,0x45FC,0x8104}},
    {0x8D39, {0x0440,0x7FF8,0x0448,0x3FF8,0x2440,0x3FFC,0x0844,0x1054,0x2008,0x5FF0,0x1010,0x1110,0x1110,0x02C0,0x0C30,0x3008}},
    {0x8D4C, {0x0020,0x7C22,0x45FA,0x4424,0x5428,0x57FE,0x5420,0x5440,0x54FC,0x5584,0x5684,0x10FC,0x2884,0x2484,0x40FC,0x8084}},
    {0x8D5B, {0x0100,0x7FFE,0x4442,0x9FF4,0x0440,0x3FF8,0x0440,0xFFFE,0x0820,0x1FF0,0x2928,0xC926,0x0920,0x0AA0,0x0440,0x1820}},
    {0x8D62, {0x0100,0xFFFE,0x2000,0x3FF8,0x0000,0x3FF8,0x2008,0x3FF8,0x0000,0x77DC,0x5454,0x7554,0x555C,0x7556,0x5296,0xB462}},
    {0x8D64, {0x0100,0x0100,0x0100,0x3FF8,0x0100,0x0100,0xFFFE,0x0440,0x0440,0x2448,0x2444,0x4442,0x8842,0x0840,0x1140,0x2080}},
    {0x8D70, {0x0100,0x0100,0x0100,0x3FF8,0x0100,0x0100,0xFFFE,0x0100,0x0100,0x1100,0x11F8,0x1100,0x1100,0x2900,0x47FE,0x8000}},
    {0x8D77, {0x0800,0x0800,0x08F8,0x7E08,0x0808,0x0808,0xFEF8,0x0888,0x2880,0x2880,0x2E84,0x2884,0x287C,0x5800,0x4FFE,0x8000}},
    {0x8D85, {0x0800,0x09FC,0x0844,0x7E44,0x0844,0x0894,0xFF08,0x08FC,0x2884,0x2884,0x2E84,0x28FC,0x2800,0x5800,0x4FFE,0x8000}},
    {0x8DB3, {0x0000,0x1FF0,0x1010,0x1010,0x1010,0x1010,0x1FF0,0x0100,0x0100,0x1100,0x11F8,0x1100,0x2900,0x2500,0x43FE,0x8000}},
    {0x8DD1, {0x0080,0x7C80,0x45FC,0x4504,0x4604,0x7DF4,0x1114,0x1114,0x5D14,0x51F4,0x5104,0x5128,0x5D12,0xE102,0x00FE,0x0000}},
    {0x8DEF, {0x0040,0x7C40,0x4478,0x4488,0x4550,0x7C20,0x1050,0x1088,0x1106,0x5CF8,0x5088,0x5088,0x5088,0x5C88,0xE0F8,0x0088}},
    {0x8EAB, {0x0200,0x0400,0x1FF0,0x1010,0x1FF0,0x1010,0x1FF2,0x1014,0x1018,0x7FF0,0x0050,0x0090,0x0310,0x1C10,0xE050,0x0020}},
    {0x8ECA, {0x0100,0x0100,0x7FFC,0x0100,0x3FF8,0x2108,0x2108,0x3FF8,0x2108,0x2108,0x3FF8,0x0100,0xFFFE,0x0100,0x0100,0x0100}},
    {0x8EE2, {0x1000,0x1000,0x10FC,0xFE00,0x1000,0x7C00,0x55FE,0x7C20,0x5420,0x7C40,0x1040,0xFE88,0x1084,0x11FE,0x1082,0x1000}},
    {0x8EFD, {0x1000,0x11FC,0x1084,0xFE88,0x1050,0x7C20,0x5450,0x7C88,0x5726,0x7C20,0x11FC,0xFE20,0x1020,0x1020,0x13FE,0x1000}},
    {0x8F66, {0x0200,0x0200,0x0200,0x7FFC,0x0400,0x0900,0x1100,0x2100,0x3FF8,0x0100,0x0100,0xFFFE,0x0100,0x0100,0x0100,0x0100}},
    {0x8F68, {0x2080,0x2080,0x2080,0xFC80,0x43F0,0x5090,0x9090,0xFC90,0x1090,0x1090,0x1C90,0xF092,0x5112,0x1112,0x120E,0x1400}},
    {0x8F6C, {0x2020,0x2020,0x2020,0xFDFC,0x4020,0x5040,0x93FE,0xFC40,0x1080,0x11FC,0x1C04,0xF088,0x5050,0x1020,0x1010,0x1010}},
    {0x8F6E, {0x2040,0x2040,0x20A0,0xFCA0,0x4110,0x5208,0x9406,0xFD10,0x1120,0x1140,0x1D80,0xF100,0x5104,0x1104,0x10FC,0x1000}},
    {0x8F6F, {0x1040,0x1040,0x1040,0xFE7C,0x2084,0x2888,0x4920,0x7E20,0x0820,0x0850,0x0E50,0xF850,0x4888,0x0888,0x0904,0x0A02}},
    {0x8F74, {0x2020,0x2020,0x2020,0xFC20,0x41FC,0x5124,0x9124,0xFD24,0x1124,0x11FC,0x1D24,0xF124,0x5124,0x1124,0x11FC,0x1104}},
    {0x8F7B, {0x2000,0x21FC,0x2008,0xFC10,0x4030,0x5048,0x9084,0xFF02,0x1000,0x11FC,0x1C20,0xF020,0x5020,0x1020,0x13FE,0x1000}},
    {0x8F7D, {0x0820,0x0828,0x7F24,0x0820,0xFFFE,0x1020,0x1024,0xFF24,0x2024,0x4828,0x7F28,0x0810,0x0F12,0xF82A,0x0846,0x0882}},
    {0x8F85, {0x2028,0x2024,0x23FE,0xFC20,0x4020,0x51FC,0x9124,0xFD24,0x11FC,0x1124,0x1D24,0xF1FC,0x5124,0x1124,0x1124,0x110C}},
    {0x8F86, {0x2000,0x23FE,0x2050,0xFC50,0x4050,0x53FE,0x9252,0xFE52,0x1252,0x12AA,0x1EA6,0xF302,0x5202,0x1202,0x120A,0x1204}},
    {0x8F93, {0x2040,0x20A0,0x2110,0xFA08,0x25F6,0x4000,0x53C4,0x9254,0xFA54,0x13D4,0x1A54,0xF254,0x53D4,0x1244,0x1254,0x12C8}},
    {0x8F9B, {0x0200,0x0100,0x3FF8,0x0000,0x0820,0x0440,0xFFFE,0x0100,0x0100,0x0100,0x7FFC,0x0100,0x0100,0x0100,0x0100,0x0100}},
    {0x8FA8, {0x2010,0x1088,0x1088,0x7CBE,0x0080,0x2A94,0x1288,0xFEBE,0x1288,0x1088,0x7C9C,0x1108,0x1108,0x2208,0x2408,0x4008}},
    {0x8FB9, {0x0040,0x2040,0x1040,0x13FC,0x0044,0x0044,0xF044,0x1084,0x1084,0x1104,0x1104,0x1228,0x1410,0x2800,0x47FE,0x0000}},
    {0x8FBE, {0x0040,0x2040,0x1040,0x1040,0x07FE,0x0040,0xF040,0x10A0,0x1090,0x1108,0x1204,0x1404,0x1000,0x2800,0x47FE,0x0000}},
    {0x8FC7, {0x0010,0x2010,0x1010,0x17FE,0x0010,0x0010,0xF210,0x1110,0x1110,0x1010,0x1010,0x1050,0x1020,0x2800,0x47FE,0x0000}},
    {0x8FCE, {0x0000,0x2080,0x133C,0x1224,0x0224,0x0224,0xF224,0x1224,0x1224,0x12B4,0x1328,0x1220,0x1020,0x2820,0x47FE,0x0000}},
    {0x8FD0, {0x0000,0x23F8,0x1000,0x1000,0x0000,0x07FC,0xF040,0x1080,0x1110,0x1208,0x17FC,0x1204,0x1000,0x2800,0x47FE,0x0000}},
    {0x8FD1, {0x0008,0x201C,0x11E0,0x1100,0x0100,0x01FE,0xF110,0x1110,0x1110,0x1110,0x1210,0x1210,0x1410,0x2800,0x47FE,0x0000}},
    {0x8FD4, {0x0008,0x203C,0x13C0,0x1200,0x0200,0x03FC,0xF204,0x1288,0x1250,0x1220,0x1250,0x1488,0x1504,0x2800,0x47FE,0x0000}},
    {0x8FD8, {0x0000,0x23FC,0x1020,0x1020,0x0040,0x0040,0xF0D0,0x1148,0x1244,0x1444,0x1040,0x1040,0x1040,0x2800,0x47FE,0x0000}},
    {0x8FD9, {0x0080,0x2040,0x1040,0x17FC,0x0010,0x0210,0xF120,0x10A0,0x1040,0x10A0,0x1110,0x1208,0x1408,0x2800,0x47FE,0x0000}},
    {0x8FDB, {0x0090,0x2090,0x1090,0x13FC,0x0090,0x0090,0xF090,0x17FE,0x1090,0x1090,0x1110,0x1110,0x1210,0x2800,0x47FE,0x0000}},
    {0x8FDE, {0x0040,0x2040,0x17FE,0x1080,0x00A0,0x0120,0xF3FC,0x1020,0x1020,0x1020,0x17FE,0x1020,0x1020,0x2820,0x47FE,0x0000}},
    {0x8FFD, {0x0020,0x2040,0x13FC,0x1204,0x0204,0x03FC,0xF200,0x1200,0x13FE,0x1202,0x1202,0x13FE,0x1202,0x2800,0x47FE,0x0000}},
    {0x9000, {0x03F8,0x2208,0x1208,0x13F8,0x0208,0x0208,0xF3F8,0x1244,0x1228,0x1210,0x1288,0x1304,0x1204,0x2800,0x47FE,0x0000}},
    {0x9001, {0x0208,0x2108,0x1110,0x13FC,0x0040,0x0040,0xF040,0x17FE,0x1040,0x10A0,0x1090,0x1108,0x1208,0x2800,0x47FE,0x0000}},
    {0x9002, {0x0078,0x23C0,0x1040,0x1040,0x07FE,0x0040,0xF040,0x13F8,0x1208,0x1208,0x1208,0x13F8,0x1208,0x2800,0x47FE,0x0000}},
    {0x9003, {0x00A0,0x20A0,0x14A4,0x12A8,0x01B0,0x00A0,0xF1B0,0x12A8,0x14A4,0x1120,0x1124,0x1224,0x141C,0x2800,0x47FE,0x0000}},
    {0x9009, {0x0040,0x2240,0x1240,0x13F8,0x0440,0x0040,0xF7FC,0x1120,0x1120,0x1120,0x1224,0x1224,0x141C,0x2800,0x47FE,0x0000}},
    {0x901A, {0x0000,0x47F8,0x2010,0x21A0,0x0040,0x07FC,0xE444,0x2444,0x27FC,0x2444,0x2444,0x27FC,0x2444,0x2454,0x5408,0x8FFE}},
    {0x901F, {0x0040,0x2040,0x17FC,0x1040,0x03F8,0x0248,0xF248,0x13F8,0x10E0,0x1150,0x1248,0x1444,0x1040,0x2800,0x47FE,0x0000}},
    {0x9020, {0x0040,0x2240,0x13F8,0x1440,0x0040,0x07FC,0xF000,0x1000,0x13F8,0x1208,0x1208,0x13F8,0x1208,0x2800,0x47FE,0x0000}},
    {0x902E, {0x0040,0x2040,0x13F8,0x1048,0x07FE,0x0048,0xF3F8,0x1444,0x1248,0x1150,0x1248,0x1444,0x1140,0x2880,0x47FE,0x0000}},
    {0x9031, {0x0000,0x47FC,0x2444,0x2444,0x05F4,0x0444,0xE7FC,0x2404,0x25F4,0x2514,0x25F4,0x2404,0x280C,0x5000,0x8FFE,0x0000}},
    {0x9032, {0x0140,0x2120,0x13FE,0x1220,0x0620,0x0BFC,0xF220,0x1220,0x13FC,0x1220,0x1220,0x13FE,0x1200,0x2800,0x47FE,0x0000}},
    {0x9045, {0x0000,0x4FFC,0x2804,0x2804,0x0FFC,0x0910,0xE8A0,0x2FFC,0x2840,0x2BF8,0x2840,0x37FC,0x2040,0x5040,0x8FFE,0x0000}},
    {0x904B, {0x0000,0x27FC,0x1444,0x13F8,0x0040,0x03F8,0xF248,0x13F8,0x1248,0x13F8,0x1040,0x17FC,0x1040,0x2840,0x47FE,0x0000}},
    {0x904E, {0x01F8,0x2108,0x11E8,0x1128,0x0128,0x03FC,0xF204,0x12F4,0x1294,0x12F4,0x1204,0x1214,0x1208,0x2800,0x47FE,0x0000}},
    {0x9053, {0x0208,0x2110,0x1000,0x17FC,0x0080,0x03F8,0xF208,0x13F8,0x1208,0x13F8,0x1208,0x13F8,0x1208,0x2800,0x47FE,0x0000}},
    {0x9054, {0x0040,0x2040,0x13F8,0x1040,0x07FC,0x0110,0xF0A0,0x17FC,0x1040,0x13F8,0x1040,0x17FC,0x1040,0x2840,0x47FE,0x0000}},
    {0x9055, {0x0040,0x2040,0x13F8,0x1088,0x07FE,0x0000,0xF3F8,0x1208,0x13F8,0x1040,0x13FC,0x1440,0x17FE,0x1040,0x2800,0x47FE}},
    {0x9060, {0x0040,0x2040,0x13F8,0x1040,0x07FC,0x0000,0xF3F8,0x1208,0x13F8,0x10C4,0x11A8,0x1290,0x1488,0x1084,0x2800,0x47FE}},
    {0x9069, {0x0080,0x4040,0x27FC,0x2110,0x00A0,0x07FC,0xE444,0x27FC,0x2444,0x25F4,0x2514,0x25F4,0x2404,0x240C,0x5000,0x8FFE}},
    {0x9078, {0x0F3C,0x4924,0x2F3C,0x28A2,0x079E,0x0110,0xE7FC,0x2110,0x2110,0x2FFE,0x2110,0x2208,0x2404,0x5000,0x8FFE,0x0000}},
    {0x9080, {0x0200,0x4410,0x2F90,0x2890,0x0F9E,0x08A4,0xEFC4,0x2214,0x3FD4,0x2408,0x2788,0x2894,0x32A2,0x2142,0x5000,0x8FFE}},
    {0x90BB, {0x0800,0x087C,0x1444,0x1248,0x2148,0x48D0,0x8448,0x0448,0x7F44,0x0144,0x2244,0x1468,0x0850,0x0440,0x0440,0x0040}},
    {0x90E8, {0x1000,0x083E,0x7FA2,0x0024,0x2124,0x1228,0xFFE4,0x0024,0x0022,0x3F22,0x2122,0x2134,0x2128,0x3F20,0x2120,0x0020}},
    {0x90FD, {0x0800,0x08BE,0x7EA2,0x0924,0x0A24,0xFFE8,0x0824,0x1024,0x3F22,0x6122,0xA122,0x3F34,0x2128,0x2120,0x3F20,0x2120}},
    {0x914D, {0x0000,0xFE00,0x28F8,0x2808,0xFE08,0xAA08,0xAA08,0xAAF8,0xAE88,0xC280,0x8280,0xFE80,0x8282,0x8282,0xFE7E,0x8200}},
    {0x9152, {0x0000,0x4FFE,0x20A0,0x20A0,0x07FC,0x84A4,0x44A4,0x54A4,0x151C,0x2604,0xE404,0x27FC,0x2404,0x2404,0x27FC,0x0404}},
    {0x9178, {0x0010,0xFE10,0x2820,0x2844,0xFEFE,0xAA28,0xAA44,0xAAA2,0xAE3C,0xC244,0x8244,0xFEA8,0x8210,0x8228,0xFE44,0x8282}},
    {0x9187, {0x0020,0xFE10,0x28FE,0x2800,0xFE7C,0xAA44,0xAA7C,0xAA00,0xAE7C,0xC208,0x8210,0xFEFE,0x8210,0x8210,0xFE50,0x8220}},
    {0x91CC, {0x0000,0x3FF8,0x2108,0x2108,0x3FF8,0x2108,0x2108,0x3FF8,0x0100,0x0100,0x3FF8,0x0100,0x0100,0x0100,0xFFFE,0x0000}},
    {0x91CD, {0x0010,0x00F8,0x3F00,0x0100,0xFFFE,0x0100,0x1FF0,0x1110,0x1FF0,0x1110,0x1FF0,0x0100,0x3FF8,0x0100,0xFFFE,0x0000}},
    {0x91CF, {0x0000,0x1FF0,0x1010,0x1FF0,0x1010,0xFFFE,0x0000,0x1FF0,0x1110,0x1FF0,0x1110,0x1FF0,0x0100,0x1FF0,0x0100,0x7FFC}},
    {0x91D1, {0x0100,0x0100,0x0280,0x0440,0x0820,0x1010,0x2FE8,0xC106,0x0100,0x3FF8,0x0100,0x1110,0x0910,0x0920,0xFFFE,0x0000}},
    {0x91DD, {0x1020,0x1020,0x2820,0x2420,0x4220,0xBC20,0x13FE,0x1020,0xFE20,0x1020,0x9420,0x5820,0x5020,0x1E20,0xF020,0x4020}},
    {0x9285, {0x1000,0x11FC,0x2904,0x2504,0x4174,0xB904,0x1104,0x1174,0xFD54,0x1154,0x9554,0x5974,0x5104,0x1D04,0xE114,0x4108}},
    {0x92F3, {0x1020,0x1020,0x2BFE,0x2420,0x41FC,0xB840,0x13FE,0x1048,0xFC88,0x10FE,0x9508,0x5948,0x5228,0x1C08,0xE028,0x4010}},
    {0x9332, {0x1000,0x11F8,0x2808,0x2408,0x41F8,0xB808,0x1008,0x13FE,0xFC20,0x1222,0x9574,0x58A8,0x5124,0x1E22,0xE0A0,0x4040}},
    {0x935B, {0x2080,0x2338,0x5228,0x4A28,0x83A8,0x7A46,0x2200,0x227C,0xFBA4,0x2224,0x2A28,0xB3A8,0x6610,0x3A28,0xE244,0x0282}},
    {0x9488, {0x1020,0x1020,0x1E20,0x2020,0x2020,0x7C20,0x93FE,0x1020,0xFE20,0x1020,0x1020,0x1220,0x1420,0x1820,0x1020,0x0020}},
    {0x949B, {0x1020,0x1020,0x1E20,0x2020,0x2020,0x7DFE,0x9020,0x1020,0xFE20,0x1050,0x1050,0x1250,0x1488,0x18C8,0x1124,0x0202}},
    {0x94A2, {0x1000,0x11FC,0x3D04,0x2104,0x4194,0xBD54,0x1154,0x1124,0xFD24,0x1154,0x1154,0x1194,0x1504,0x1904,0x1114,0x0108}},
    {0x94B1, {0x1050,0x1048,0x3C40,0x205C,0x41E0,0xBC40,0x105E,0x11E0,0xFC44,0x1048,0x1030,0x1022,0x1452,0x188A,0x1306,0x0002}},
    {0x94B3, {0x1088,0x1088,0x3C88,0x2088,0x43FE,0xBC88,0x1088,0x1088,0xFC88,0x10F8,0x1088,0x1088,0x1488,0x1888,0x10F8,0x0088}},
    {0x94C1, {0x1020,0x1020,0x3D20,0x2120,0x41FC,0xBD20,0x1220,0x1020,0xFDFE,0x1020,0x1050,0x1050,0x1488,0x1888,0x1104,0x0202}},
    {0x94DC, {0x2000,0x23FC,0x3A04,0x2204,0x42F4,0x7A04,0xA204,0x22F4,0xFA94,0x2294,0x2294,0x22F4,0x2A04,0x3204,0x2214,0x0208}},
    {0x94DD, {0x1000,0x10FC,0x3C84,0x2084,0x4084,0xBC84,0x10FC,0x1000,0xFC00,0x11FE,0x1102,0x1102,0x1502,0x1902,0x11FE,0x0102}},
    {0x94EC, {0x1040,0x1040,0x3C78,0x2088,0x4150,0xBC20,0x1050,0x1088,0xFD06,0x10F8,0x1088,0x1088,0x1488,0x1888,0x10F8,0x0088}},
    {0x94F6, {0x1000,0x11F8,0x3D08,0x2108,0x41F8,0xBD08,0x1108,0x11F8,0xFD44,0x1148,0x1130,0x1120,0x1510,0x1948,0x1186,0x0100}},
    {0x94F8, {0x1020,0x1020,0x3DFC,0x2020,0x40FC,0xBC20,0x11FE,0x1048,0xFC48,0x10FE,0x1088,0x1148,0x1528,0x1A08,0x1028,0x0010}},
    {0x9501, {0x1020,0x1124,0x3CA4,0x20A8,0x4020,0xBDFC,0x1104,0x1124,0xFD24,0x1124,0x1124,0x1124,0x1450,0x1888,0x1104,0x0202}},
    {0x9508, {0x101C,0x11E0,0x3C20,0x2020,0x43FE,0xBCA8,0x1124,0x1222,0xFDF8,0x1088,0x1090,0x10BE,0x1502,0x1902,0x1214,0x0408}},
    {0x9510, {0x2208,0x2108,0x3910,0x4020,0x43F8,0x7A08,0xA208,0x2208,0xFBF8,0x20A0,0x20A0,0x2920,0x3124,0x2224,0x041C,0x0800}},
    {0x9519, {0x2110,0x2110,0x3910,0x27FC,0x4110,0x7910,0xAFFE,0x2000,0xFBF8,0x2208,0x2208,0x23F8,0x2A08,0x3208,0x23F8,0x0208}},
    {0x9525, {0x1050,0x1048,0x3C80,0x20FE,0x4190,0xBE90,0x10FC,0x1090,0xFC90,0x10FC,0x1090,0x1090,0x1490,0x18FE,0x1080,0x0080}},
    {0x9526, {0x1020,0x1040,0x3DFC,0x2104,0x41FC,0xBD04,0x11FC,0x1020,0xFC20,0x13FE,0x1222,0x1222,0x162A,0x1A24,0x1020,0x0020}},
    {0x952E, {0x2010,0x2010,0x3B7C,0x2114,0x41FE,0x7A14,0xA27C,0x2710,0xF97C,0x2510,0x25FE,0x2210,0x2A10,0x3500,0x28FE,0x0000}},
    {0x953B, {0x2080,0x2338,0x3A28,0x2228,0x43A8,0x7A46,0xA200,0x227C,0xFBA4,0x2224,0x2228,0x23A8,0x2E10,0x3228,0x2244,0x0282}},
    {0x9540, {0x2040,0x2020,0x3BFE,0x2248,0x4248,0x7BFE,0xA248,0x2278,0xFA00,0x22FC,0x2244,0x2248,0x2A28,0x3410,0x2468,0x0986}},
    {0x9541, {0x2104,0x2088,0x3BFE,0x2020,0x4020,0x79FC,0xA020,0x2020,0xFBFE,0x2000,0x2020,0x23FE,0x2820,0x3050,0x2088,0x0306}},
    {0x9577, {0x0000,0x0FF8,0x0800,0x0FF0,0x0800,0x0FF0,0x0800,0xFFFE,0x1200,0x1110,0x10A0,0x1040,0x1220,0x1418,0x1806,0x1000}},
    {0x957F, {0x0800,0x0810,0x0820,0x0840,0x0880,0x0900,0x0800,0xFFFE,0x0A00,0x0900,0x0880,0x0840,0x0920,0x0A18,0x0C06,0x0800}},
    {0x958B, {0x0000,0x7CF8,0x4488,0x7CF8,0x4488,0x7CF8,0x4008,0x4FC8,0x4488,0x4488,0x5FE8,0x4488,0x4488,0x4888,0x50A8,0x4010}},
    {0x9593, {0x0000,0x7CF8,0x4488,0x7CF8,0x4488,0x7CF8,0x4008,0x4FC8,0x4848,0x4FC8,0x4848,0x4FC8,0x4848,0x4008,0x4028,0x4010}},
    {0x95E8, {0x2000,0x13FC,0x1004,0x4004,0x4004,0x4004,0x4004,0x4004,0x4004,0x4004,0x4004,0x4004,0x4004,0x4004,0x4014,0x4008}},
    {0x95ED, {0x2000,0x17FC,0x0004,0x4084,0x4084,0x5FF4,0x4084,0x4184,0x4284,0x4484,0x4884,0x5084,0x4284,0x4104,0x4014,0x4008}},
    {0x95F4, {0x2000,0x13FC,0x1004,0x4004,0x47C4,0x4444,0x4444,0x4444,0x47C4,0x4444,0x4444,0x4444,0x47C4,0x4004,0x4014,0x4008}},
    {0x9600, {0x2000,0x17FC,0x0004,0x4544,0x4524,0x4904,0x59F4,0x6F04,0x4924,0x4924,0x48C4,0x4894,0x4954,0x4A34,0x4814,0x4008}},
    {0x961F, {0x0040,0x7C40,0x4440,0x4840,0x4840,0x5040,0x4840,0x4840,0x44A0,0x44A0,0x44A0,0x6910,0x5110,0x4208,0x4404,0x4802}},
    {0x9632, {0x0040,0x7C20,0x4420,0x4BFE,0x4880,0x5080,0x4880,0x48FC,0x4484,0x4484,0x4484,0x6884,0x5104,0x4104,0x4228,0x4410}},
    {0x9636, {0x0020,0x7C20,0x4450,0x4850,0x4888,0x5104,0x4A02,0x4888,0x4488,0x4488,0x4488,0x6888,0x5088,0x4108,0x4108,0x4208}},
    {0x963B, {0x0000,0x7DF8,0x4508,0x4908,0x4908,0x51F8,0x4908,0x4908,0x4508,0x45F8,0x4508,0x6908,0x5108,0x4108,0x47FE,0x4000}},
    {0x9645, {0x0000,0x79FC,0x4800,0x5000,0x5000,0x63FE,0x5020,0x4820,0x4928,0x4924,0x6A24,0x5222,0x4422,0x4020,0x40A0,0x4040}},
    {0x964D, {0x0080,0x7C80,0x44FC,0x4908,0x4A90,0x5060,0x4998,0x4E26,0x4420,0x45FC,0x4420,0x6A20,0x53FE,0x4020,0x4020,0x4020}},
    {0x9650, {0x0000,0x7BF8,0x4A08,0x5208,0x53F8,0x6208,0x5208,0x4BF8,0x4A44,0x4A48,0x6A30,0x5220,0x4210,0x4288,0x4306,0x4200}},
    {0x9669, {0x0040,0x7840,0x48A0,0x50A0,0x5110,0x6208,0x55F6,0x4800,0x4888,0x4848,0x6A48,0x5150,0x4110,0x4020,0x47FE,0x4000}},
    {0x9676, {0x0100,0x7900,0x49FC,0x5204,0x5504,0x61E4,0x5284,0x4884,0x4FF4,0x4884,0x6AA4,0x52A4,0x43E4,0x4004,0x4028,0x4010}},
    {0x968E, {0x0110,0x7D12,0x45D4,0x4918,0x4952,0x5192,0x492E,0x4840,0x45FC,0x4504,0x4504,0x69FC,0x5104,0x4104,0x41FC,0x4104}},
    {0x9690, {0x0080,0x7880,0x49F8,0x4A08,0x5410,0x53FC,0x6004,0x51FC,0x4804,0x4BFC,0x4804,0x6840,0x5124,0x452A,0x450A,0x48F8}},
    {0x96A3, {0x0020,0x7924,0x48A8,0x53FE,0x50A8,0x6124,0x5222,0x4904,0x4904,0x49DE,0x6A44,0x5554,0x409E,0x4104,0x4204,0x4404}},
    {0x96C6, {0x0900,0x0880,0x1FFC,0x3080,0x5FF8,0x9080,0x1FF8,0x1080,0x1FFC,0x1100,0xFFFE,0x0540,0x0920,0x3118,0xC106,0x0100}},
    {0x96E2, {0x1028,0x0824,0x7F40,0x147E,0x49C8,0x5548,0x417E,0x7F48,0x0848,0x7F7E,0x5148,0x5548,0x5D48,0x417E,0x4540,0x4240}},
    {0x96E8, {0x0000,0xFFFE,0x0100,0x0100,0x0100,0x7FFC,0x4104,0x4104,0x4944,0x4524,0x4104,0x4944,0x4524,0x4104,0x4114,0x4008}},
    {0x96F6, {0x3FF8,0x0100,0x7FFE,0x4102,0x9D74,0x0100,0x1D70,0x0280,0x0C60,0x3218,0xC106,0x1FE0,0x0020,0x0640,0x0180,0x0040}},
    {0x96FB, {0x3FF8,0x0100,0x7FFE,0x4102,0x9D74,0x0100,0x1D70,0x0000,0x3FF8,0x2108,0x3FF8,0x2108,0x3FF8,0x0102,0x0102,0x00FE}},
    {0x96FE, {0x3FF8,0x0100,0x7FFE,0x4102,0x9D74,0x0100,0x1D70,0x0400,0x0FE0,0x1440,0x0380,0x1C70,0xE20E,0x0FE0,0x0420,0x1860}},
    {0x9700, {0x0000,0x3FF8,0x0100,0x7FFE,0x4102,0x9D74,0x0100,0x1D70,0x0000,0xFFFE,0x0200,0x3FF8,0x2488,0x2488,0x24A8,0x2010}},
    {0x9707, {0x3FF8,0x0100,0x7FFE,0x4102,0x9D74,0x0100,0x1D70,0x0000,0x3FFC,0x2000,0x2FF8,0x2000,0x3FFC,0x2448,0x4430,0x860E}},
    {0x9727, {0x3FF8,0x0100,0x7FFE,0x4102,0x9D74,0x0000,0x0040,0x7EFC,0x1544,0x0838,0xFE44,0x1AA2,0x2CFC,0x4844,0xA894,0x1108}},
    {0x9738, {0x3FF8,0x0100,0x7FFE,0x4102,0x9D74,0x2200,0x7F7C,0x2244,0x3E44,0x087C,0x7F44,0x4944,0x7F7C,0x0844,0xFF54,0x0888}},
    {0x9752, {0x0100,0x0100,0x7FFC,0x0100,0x3FF8,0x0100,0xFFFE,0x0000,0x1FF0,0x1010,0x1FF0,0x1010,0x1FF0,0x1010,0x1050,0x1020}},
    {0x9759, {0x1040,0x1040,0xFE78,0x1088,0x7C10,0x11FC,0xFE24,0x0024,0x7DFE,0x4424,0x7C24,0x45FC,0x7C24,0x4420,0x54A0,0x4840}},
    {0x975E, {0x0440,0x0440,0x0440,0xFC7E,0x0440,0x0440,0x0440,0x7C7C,0x0440,0x0440,0x0440,0x0440,0xFC7E,0x0440,0x0440,0x0440}},
    {0x9762, {0x0000,0xFFFE,0x0200,0x0200,0x0400,0x3FF8,0x2448,0x2448,0x27C8,0x2448,0x2448,0x27C8,0x2448,0x2448,0x3FF8,0x2008}},
    {0x97F3, {0x0200,0x0100,0x3FF8,0x0000,0x0820,0x0440,0xFFFE,0x0000,0x1FF0,0x1010,0x1010,0x1FF0,0x1010,0x1010,0x1FF0,0x1010}},
    {0x9802, {0x0000,0x01FE,0xFE20,0x1040,0x11FC,0x1104,0x1104,0x11FC,0x1104,0x11FC,0x1104,0x1104,0x11FC,0x1088,0x5104,0x2202}},
    {0x9808, {0x0800,0x09FE,0x1020,0x2040,0x41FC,0x8904,0x0904,0x11FC,0x2104,0x45FC,0x8504,0x0904,0x11FC,0x2088,0x4104,0x8202}},
    {0x9876, {0x0000,0x01FE,0xFE20,0x1040,0x11FC,0x1104,0x1124,0x1124,0x1124,0x1124,0x1124,0x1144,0x1050,0x5088,0x2104,0x0202}},
    {0x9879, {0x0000,0x01FE,0x0020,0xFC40,0x11FC,0x1104,0x1124,0x1124,0x1124,0x1124,0x1124,0x1D44,0xE050,0x4088,0x0104,0x0202}},
    {0x9884, {0x0000,0xF9FE,0x0820,0x5040,0x21FC,0x1104,0xFD24,0x2524,0x2924,0x2124,0x2124,0x2144,0x2050,0x2088,0xA104,0x4202}},
    {0x989C, {0x1000,0x08FE,0x7F10,0x2220,0x147C,0x7F44,0x4454,0x4854,0x5254,0x4454,0x4854,0x5154,0x4228,0x4424,0x8842,0x3082}},
    {0x989D, {0x1000,0x08FE,0x7F10,0x4120,0x107C,0x1E44,0x2254,0x5454,0x0854,0x1454,0x2254,0x7F54,0xA228,0x2224,0x3E42,0x2282}},
    {0x98CE, {0x0000,0x3FF0,0x2010,0x2010,0x2850,0x2450,0x2290,0x2290,0x2110,0x2110,0x2290,0x2292,0x244A,0x484A,0x4006,0x8002}},
    {0x98DE, {0x0000,0xFFC0,0x0040,0x0044,0x0048,0x0050,0x0060,0x0050,0x0048,0x0044,0x0020,0x0020,0x0012,0x000A,0x0006,0x0002}},
    {0x9970, {0x2080,0x2080,0x2080,0x3CFE,0x4520,0x4A20,0x8020,0x21FC,0x2124,0x2124,0x2124,0x2524,0x2934,0x3128,0x2020,0x0020}},
    {0x9996, {0x1010,0x0820,0xFFFE,0x0200,0x0400,0x3FF8,0x2008,0x2008,0x3FF8,0x2008,0x2008,0x3FF8,0x2008,0x2008,0x3FF8,0x2008}},
    {0x99AC, {0x0000,0x3FF8,0x2100,0x3FF0,0x2100,0x3FF0,0x2100,0x2100,0x3FF8,0x0008,0x1248,0x4928,0x4928,0x8008,0x0050,0x0020}},
    {0x99C6, {0x0000,0x7DFE,0x5100,0x7D04,0x5144,0x7D28,0x5128,0x5110,0x7D10,0x0528,0x5528,0x5544,0x5584,0x8500,0x15FE,0x0800}},
    {0x99D0, {0x0010,0x7F08,0x4800,0x7F3E,0x4808,0x7F08,0x4808,0x4808,0x7FBE,0x0088,0xAA88,0xAA88,0xAA88,0x8088,0x057E,0x0200}},
    {0x9A13, {0x0010,0x7E28,0x4844,0x7E82,0x487C,0x7E10,0x4810,0x48FE,0x7E92,0x0292,0xAAFE,0xAA10,0xAA28,0x8228,0x1444,0x0882}},
    {0x9A6C, {0x0000,0x7FE0,0x0020,0x0020,0x1020,0x1020,0x1020,0x1FFC,0x0004,0x0004,0x0004,0xFFE4,0x0004,0x0004,0x0028,0x0010}},
    {0x9A76, {0x0020,0xF820,0x0820,0x49FC,0x4924,0x4924,0x4924,0x7D24,0x05FC,0x0420,0x1CA0,0xE460,0x4460,0x0490,0x2908,0x1206}},
    {0x9A7E, {0x0800,0x0800,0x7F7C,0x1144,0x1144,0x257C,0x4200,0x1FE0,0x0020,0x0820,0x0820,0x0FFC,0x0004,0x7FC4,0x0014,0x0008}},
    {0x9A8C, {0x0020,0xF820,0x0850,0x4850,0x4888,0x4904,0x4AFA,0x7C00,0x0444,0x0424,0x1D24,0xE4A8,0x4488,0x0410,0x2BFE,0x1000}},
    {0x9AD8, {0x0200,0x0100,0xFFFE,0x0000,0x0FE0,0x0820,0x0820,0x0FE0,0x0000,0x7FFC,0x4004,0x4FE4,0x4824,0x4824,0x4FE4,0x400C}},
    {0x9CCD, {0x2040,0x2044,0x7DF8,0x4450,0x8BFE,0x7C40,0x54F8,0x5582,0x7E7E,0x5400,0x55FC,0x7D04,0x01FC,0x1D04,0xE1FC,0x4104}},
    {0x9CE5, {0x0200,0x0400,0x1FF0,0x1010,0x1FF0,0x1010,0x1FF0,0x1000,0x1FFC,0x1000,0x1FFC,0x0924,0x2494,0x2494,0x4028,0x0010}},
    {0x9E1F, {0x0100,0x0200,0x1FF0,0x1010,0x1210,0x1110,0x1150,0x1020,0x1000,0x1FFC,0x0004,0x0004,0x7FE4,0x0004,0x0028,0x0010}},
    {0x9EC4, {0x0440,0x3FF8,0x0440,0x0440,0xFFFE,0x0100,0x1FF0,0x1110,0x1110,0x1FF0,0x1110,0x1110,0x1FF0,0x0820,0x1010,0x2008}},
    {0x9ED1, {0x0000,0x3FF8,0x2108,0x2928,0x2548,0x3FF8,0x0100,0x0100,0x3FF8,0x0100,0x0100,0xFFFE,0x0000,0x4888,0x4444,0x8444}},
    {0x9ED2, {0x0000,0x3FF8,0x2108,0x3FF8,0x2108,0x3FF8,0x0100,0x3FF8,0x0100,0x0100,0xFFFE,0x0000,0x2488,0x2244,0x4244,0x8004}},
    {0x9ED8, {0x0020,0xFE28,0x9224,0xD624,0xBA20,0x93FE,0xFE20,0x1020,0xFE20,0x1050,0x1E50,0xE050,0x0288,0xAA88,0xA904,0x8202}},
};
